ticket_id,tipo_cliente_predicho,confianza
2898338,Joven,100.0
2897242,Joven,100.0
2873690,Joven,100.0
2879022,Joven,100.0
2909924,Joven,100.0
2881747,Joven,100.0
2885973,Joven,100.0
2907015,Joven,100.0
2905351,Joven,100.0
2903009,Joven,100.0
2885127,Joven,100.0
2888504,Joven,100.0
2905955,Joven,100.0
2879180,Joven,100.0
2902096,Joven,100.0
2894861,Joven,100.0
2874599,Adulto,100.0
2880095,Joven,100.0
2906649,Joven,100.0
2893527,Adulto,100.0
2900774,Joven,100.0
2885955,Adulto,100.0
2907449,Joven,100.0
2909779,Joven,100.0
2872189,Joven,100.0
2917959,Joven,100.0
2880055,Joven,100.0
2918509,Joven,100.0
2897483,Joven,100.0
2917870,Joven,100.0
2883197,Joven,100.0
2882057,Joven,100.0
2879095,Joven,100.0
2880718,Adulto,100.0
2915581,Joven,100.0
2870383,Joven,100.0
2887508,Joven,100.0
2883353,Adulto,100.0
2894923,Joven,100.0
2882975,Joven,100.0
2918267,Joven,100.0
2918033,Joven,100.0
2912886,Joven,100.0
2894076,Joven,100.0
2917720,Adulto,100.0
2901802,Adulto,100.0
2913120,Joven,100.0
2887189,Joven,100.0
2916566,Joven,100.0
2902270,Joven,100.0
2916606,Joven,100.0
2872046,Joven,100.0
2876010,Adulto,100.0
2892552,Joven,100.0
2876018,Joven,100.0
2903344,Joven,100.0
2891327,Joven,100.0
2878703,Joven,100.0
2917961,Joven,100.0
2908490,Joven,100.0
2918679,Joven,100.0
2885177,Adulto,100.0
2908397,Joven,100.0
2870486,Joven,100.0
2895159,Joven,100.0
2910423,Joven,100.0
2916229,Joven,100.0
2913818,Joven,100.0
2883918,Joven,100.0
2870637,Joven,100.0
2896405,Joven,100.0
2899714,Joven,100.0
2899213,Adulto,100.0
2912734,Joven,100.0
2875840,Joven,100.0
2879207,Joven,100.0
2910959,Joven,100.0
2912470,Joven,100.0
2900820,Joven,100.0
2904064,Adulto,100.0
2910765,Joven,100.0
2876894,Joven,100.0
2906706,Joven,100.0
2916919,Joven,100.0
2881575,Joven,100.0
2879542,Joven,100.0
2902024,Joven,100.0
2876070,Joven,100.0
2878831,Joven,100.0
2902487,Joven,100.0
2904516,Joven,100.0
2894108,Joven,100.0
2886272,Joven,100.0
2873872,Adulto,100.0
2903130,Adulto,100.0
2871053,Adulto,100.0
2892185,Joven,100.0
2878490,Joven,100.0
2899599,Joven,100.0
2905066,Joven,100.0
2886181,Joven,100.0
2877200,Joven,100.0
2915273,Joven,100.0
2898566,Joven,100.0
2896760,Joven,100.0
2912986,Joven,100.0
2886257,Adulto,100.0
2897626,Adulto,100.0
2872897,Joven,100.0
2886137,Adulto,100.0
2883504,Adulto,100.0
2891890,Joven,100.0
2903645,Joven,100.0
2901744,Adulto,100.0
2873276,Joven,100.0
2874149,Joven,100.0
2913529,Joven,100.0
2887751,Joven,100.0
2909149,Joven,100.0
2910934,Joven,100.0
2871071,Joven,100.0
2879239,Joven,100.0
2872305,Joven,100.0
2912238,Adulto,100.0
2870118,Joven,100.0
2905540,Joven,100.0
2889252,Joven,100.0
2903464,Adulto,100.0
2895163,Adulto,100.0
2903208,Joven,100.0
2906101,Adulto,100.0
2913476,Joven,100.0
2916928,Joven,100.0
2914298,Joven,100.0
2882432,Joven,100.0
2904223,Joven,100.0
2879866,Joven,100.0
2905830,Adulto,100.0
2913208,Joven,100.0
2896931,Joven,100.0
2919161,Joven,100.0
2871624,Joven,100.0
2879520,Joven,100.0
2887365,Joven,100.0
2874150,Joven,100.0
2909687,Joven,100.0
2889230,Joven,100.0
2872115,Joven,100.0
2899129,Joven,100.0
2885106,Joven,100.0
2895583,Joven,100.0
2886208,Adulto,100.0
2883281,Adulto,100.0
2919512,Joven,100.0
2884310,Joven,100.0
2877002,Joven,100.0
2878237,Joven,100.0
2874307,Joven,100.0
2893097,Joven,100.0
2878872,Joven,100.0
2917235,Joven,100.0
2891842,Joven,100.0
2892462,Joven,100.0
2879759,Joven,100.0
2896239,Joven,100.0
2897825,Joven,100.0
2876322,Joven,100.0
2910208,Joven,100.0
2895140,Joven,100.0
2881078,Joven,100.0
2872161,Joven,100.0
2912672,Joven,100.0
2901103,Joven,100.0
2908019,Joven,100.0
2917043,Joven,100.0
2894146,Joven,100.0
2898813,Joven,100.0
2886120,Joven,100.0
2891063,Joven,100.0
2909706,Joven,100.0
2895455,Joven,100.0
2880930,Joven,100.0
2904131,Joven,100.0
2907859,Joven,100.0
2888427,Joven,100.0
2919396,Joven,100.0
2897998,Joven,100.0
2880105,Joven,100.0
2902555,Joven,100.0
2909951,Joven,100.0
2896895,Joven,100.0
2900376,Joven,100.0
2874492,Joven,100.0
2891119,Joven,100.0
2913986,Joven,100.0
2894511,Joven,100.0
2881929,Adulto,100.0
2895042,Adulto,100.0
2914871,Joven,100.0
2904239,Joven,100.0
2899749,Joven,100.0
2902431,Joven,100.0
2918638,Adulto,100.0
2899107,Joven,100.0
2892557,Joven,100.0
2879079,Joven,100.0
2914169,Joven,100.0
2877844,Joven,100.0
2904808,Joven,100.0
2893360,Joven,100.0
2910571,Joven,100.0
2879435,Adulto,100.0
2894232,Joven,100.0
2881063,Joven,100.0
2917341,Joven,100.0
2893545,Joven,100.0
2880107,Joven,100.0
2901828,Joven,100.0
2900052,Joven,100.0
2893279,Joven,100.0
2883934,Joven,100.0
2918227,Joven,100.0
2874084,Adulto,100.0
2899215,Adulto,100.0
2900337,Joven,100.0
2899626,Joven,100.0
2871737,Joven,100.0
2904780,Joven,100.0
2918988,Joven,100.0
2885011,Joven,100.0
2889431,Joven,100.0
2897152,Adulto,100.0
2876357,Adulto,100.0
2892153,Joven,100.0
2880849,Joven,100.0
2895007,Joven,100.0
2907800,Adulto,100.0
2892877,Joven,100.0
2903795,Joven,100.0
2875171,Joven,100.0
2890752,Joven,100.0
2883310,Joven,100.0
2872992,Joven,100.0
2899738,Joven,100.0
2913513,Joven,100.0
2893489,Joven,100.0
2875142,Joven,100.0
2914514,Joven,100.0
2899646,Joven,100.0
2874940,Joven,100.0
2879311,Joven,100.0
2903652,Joven,100.0
2876194,Joven,100.0
2898812,Joven,100.0
2898336,Joven,100.0
2884877,Joven,100.0
2918021,Joven,100.0
2890830,Joven,100.0
2896592,Joven,100.0
2885699,Joven,100.0
2890554,Joven,100.0
2893975,Joven,100.0
2886601,Joven,100.0
2870807,Joven,100.0
2880910,Adulto,100.0
2885395,Joven,100.0
2871194,Joven,100.0
2909525,Joven,100.0
2875925,Joven,100.0
2900240,Joven,100.0
2909330,Joven,100.0
2891759,Joven,100.0
2878140,Joven,100.0
2910124,Joven,100.0
2908240,Joven,100.0
2897882,Joven,100.0
2870676,Joven,100.0
2887197,Joven,100.0
2890694,Joven,100.0
2895305,Joven,100.0
2874712,Adulto,100.0
2914721,Joven,100.0
2910348,Adulto,100.0
2913377,Joven,100.0
2880671,Adulto,100.0
2886046,Joven,100.0
2895181,Joven,100.0
2913411,Joven,100.0
2916291,Joven,100.0
2910549,Joven,100.0
2883596,Adulto,100.0
2880417,Joven,100.0
2918076,Joven,100.0
2914383,Joven,100.0
2894940,Adulto,100.0
2885214,Joven,100.0
2912335,Joven,100.0
2892300,Joven,100.0
2909077,Joven,100.0
2913065,Joven,100.0
2872968,Adulto,100.0
2891892,Adulto,100.0
2915990,Joven,100.0
2871429,Joven,100.0
2919715,Adulto,100.0
2891492,Joven,100.0
2903141,Joven,100.0
2911753,Joven,100.0
2897123,Joven,100.0
2908030,Joven,100.0
2913506,Adulto,100.0
2879340,Joven,100.0
2915903,Joven,100.0
2918093,Joven,100.0
2905435,Joven,100.0
2915037,Joven,100.0
2870230,Joven,100.0
2886969,Joven,100.0
2908321,Joven,100.0
2891577,Joven,100.0
2900010,Joven,100.0
2882324,Joven,100.0
2907869,Joven,100.0
2877683,Joven,100.0
2907221,Adulto,100.0
2870365,Joven,100.0
2913182,Joven,100.0
2908067,Joven,100.0
2900551,Joven,100.0
2908463,Joven,100.0
2874398,Joven,100.0
2876300,Joven,100.0
2893579,Joven,100.0
2914086,Joven,100.0
2918556,Joven,100.0
2909837,Joven,100.0
2899990,Joven,100.0
2903909,Joven,100.0
2913456,Joven,100.0
2910459,Joven,100.0
2895884,Joven,100.0
2872998,Joven,100.0
2869958,Joven,100.0
2889703,Joven,100.0
2910992,Joven,100.0
2873741,Joven,100.0
2913580,Adulto,100.0
2882660,Joven,100.0
2894260,Joven,100.0
2894104,Joven,100.0
2889470,Joven,100.0
2892859,Adulto,100.0
2914473,Joven,100.0
2906019,Joven,100.0
2888263,Joven,100.0
2893195,Joven,100.0
2893620,Joven,100.0
2885206,Joven,100.0
2917475,Joven,100.0
2881363,Joven,100.0
2917452,Adulto,100.0
2908619,Joven,100.0
2915798,Joven,100.0
2910801,Joven,100.0
2916745,Joven,100.0
2904714,Joven,100.0
2895077,Joven,100.0
2900141,Joven,100.0
2878726,Joven,100.0
2919401,Joven,100.0
2873136,Joven,100.0
2907897,Joven,100.0
2905993,Joven,100.0
2878953,Joven,100.0
2902450,Joven,100.0
2916915,Joven,100.0
2919124,Joven,100.0
2876079,Joven,100.0
2905450,Joven,100.0
2872519,Joven,100.0
2871249,Joven,100.0
2872513,Joven,100.0
2892433,Joven,100.0
2879783,Joven,100.0
2908611,Joven,100.0
2900077,Joven,100.0
2892202,Joven,100.0
2914098,Adulto,100.0
2902213,Joven,100.0
2903375,Adulto,100.0
2885464,Joven,100.0
2889875,Joven,100.0
2909676,Joven,100.0
2895073,Joven,100.0
2906832,Joven,100.0
2871839,Joven,100.0
2884460,Joven,100.0
2906678,Adulto,100.0
2900975,Joven,100.0
2896869,Joven,100.0
2889283,Joven,100.0
2910860,Adulto,100.0
2876711,Joven,100.0
2876987,Adulto,100.0
2919282,Joven,100.0
2891342,Adulto,100.0
2898848,Joven,100.0
2871755,Joven,100.0
2900981,Joven,100.0
2894410,Joven,100.0
2892004,Joven,100.0
2875506,Adulto,100.0
2914475,Joven,100.0
2890156,Joven,100.0
2901145,Joven,100.0
2904353,Joven,100.0
2876483,Joven,100.0
2912884,Joven,100.0
2878015,Joven,100.0
2901994,Joven,100.0
2893646,Joven,100.0
2896419,Adulto,100.0
2876464,Joven,100.0
2887525,Joven,100.0
2911187,Joven,100.0
2896122,Joven,100.0
2886950,Joven,100.0
2890158,Joven,100.0
2891899,Adulto,100.0
2887535,Joven,100.0
2875947,Joven,100.0
2876508,Joven,100.0
2888459,Joven,100.0
2909992,Joven,100.0
2914063,Joven,100.0
2908668,Joven,100.0
2903049,Joven,100.0
2881644,Joven,100.0
2891560,Joven,100.0
2894176,Joven,100.0
2917786,Joven,100.0
2870398,Adulto,100.0
2890572,Joven,100.0
2913964,Joven,100.0
2894485,Joven,100.0
2891658,Joven,100.0
2915374,Joven,100.0
2885151,Joven,100.0
2888876,Adulto,100.0
2884614,Joven,100.0
2897033,Joven,100.0
2916524,Adulto,100.0
2882114,Joven,100.0
2896611,Joven,100.0
2894400,Joven,100.0
2880119,Joven,100.0
2901977,Joven,100.0
2894663,Joven,100.0
2879507,Joven,100.0
2904727,Joven,100.0
2887958,Joven,100.0
2874602,Joven,100.0
2913642,Joven,100.0
2888599,Joven,100.0
2887322,Joven,100.0
2911734,Joven,100.0
2904958,Adulto,100.0
2917894,Joven,100.0
2911939,Joven,100.0
2892504,Adulto,100.0
2873574,Joven,100.0
2881077,Adulto,100.0
2898422,Joven,100.0
2911942,Joven,100.0
2872808,Joven,100.0
2886205,Adulto,100.0
2904304,Joven,100.0
2902197,Joven,100.0
2888703,Joven,100.0
2873529,Joven,100.0
2899660,Adulto,100.0
2907108,Joven,100.0
2875322,Joven,100.0
2910384,Joven,100.0
2893702,Joven,100.0
2870802,Joven,100.0
2893881,Joven,100.0
2915467,Joven,100.0
2902894,Adulto,100.0
2894842,Adulto,100.0
2893640,Joven,100.0
2892400,Joven,100.0
2896472,Adulto,100.0
2900380,Joven,100.0
2877810,Joven,100.0
2898096,Joven,100.0
2900263,Joven,100.0
2912816,Joven,100.0
2904550,Joven,100.0
2919452,Joven,100.0
2879800,Joven,100.0
2874145,Joven,100.0
2917638,Joven,100.0
2885776,Joven,100.0
2897638,Adulto,100.0
2905734,Joven,100.0
2878889,Joven,100.0
2872659,Joven,100.0
2876193,Joven,100.0
2902469,Joven,100.0
2871797,Joven,100.0
2897469,Joven,100.0
2892517,Joven,100.0
2905554,Joven,100.0
2886790,Joven,100.0
2895817,Joven,100.0
2884299,Joven,100.0
2900173,Adulto,100.0
2894670,Joven,100.0
2909906,Joven,100.0
2873242,Joven,100.0
2887784,Joven,100.0
2899692,Joven,100.0
2890931,Joven,100.0
2875092,Joven,100.0
2892424,Joven,100.0
2902114,Joven,100.0
2870097,Joven,100.0
2907461,Joven,100.0
2904702,Adulto,100.0
2904907,Adulto,100.0
2883351,Joven,100.0
2876042,Joven,100.0
2917639,Joven,100.0
2877453,Adulto,100.0
2919784,Joven,100.0
2913547,Joven,100.0
2888032,Joven,100.0
2906129,Joven,100.0
2880876,Joven,100.0
2875750,Joven,100.0
2912818,Joven,100.0
2897562,Adulto,100.0
2909829,Joven,100.0
2918888,Adulto,100.0
2870292,Adulto,100.0
2916142,Joven,100.0
2917825,Adulto,100.0
2909366,Joven,100.0
2870430,Adulto,100.0
2915327,Joven,100.0
2901329,Joven,100.0
2874374,Joven,100.0
2893747,Joven,100.0
2886852,Adulto,100.0
2911383,Joven,100.0
2909991,Joven,100.0
2906264,Joven,100.0
2915562,Joven,100.0
2890383,Joven,100.0
2898353,Adulto,100.0
2877806,Joven,100.0
2883913,Joven,100.0
2910586,Joven,100.0
2879809,Joven,100.0
2883896,Joven,100.0
2907663,Joven,100.0
2870954,Joven,100.0
2911614,Adulto,100.0
2892716,Joven,100.0
2894389,Adulto,100.0
2872326,Joven,100.0
2883047,Joven,100.0
2894039,Joven,100.0
2884802,Joven,100.0
2897195,Joven,100.0
2911453,Joven,100.0
2880388,Joven,100.0
2894780,Adulto,100.0
2891066,Joven,100.0
2873172,Joven,100.0
2888009,Joven,100.0
2887028,Joven,100.0
2876308,Adulto,100.0
2914621,Joven,100.0
2890702,Joven,100.0
2910358,Joven,100.0
2874366,Joven,100.0
2894083,Joven,100.0
2899328,Joven,100.0
2895407,Joven,100.0
2907174,Joven,100.0
2891553,Joven,100.0
2885184,Joven,100.0
2902936,Adulto,100.0
2915194,Joven,100.0
2916098,Joven,100.0
2911068,Joven,100.0
2873556,Adulto,100.0
2881429,Joven,100.0
2912570,Joven,100.0
2919487,Joven,100.0
2887106,Joven,100.0
2875325,Joven,100.0
2871881,Joven,100.0
2881426,Joven,100.0
2878524,Joven,100.0
2903056,Joven,100.0
2874396,Adulto,100.0
2915704,Joven,100.0
2909398,Joven,100.0
2900252,Adulto,100.0
2881339,Joven,100.0
2895049,Joven,100.0
2918040,Joven,100.0
2899577,Joven,100.0
2875348,Joven,100.0
2919807,Joven,100.0
2911865,Joven,100.0
2873920,Joven,100.0
2919599,Joven,100.0
2919277,Joven,100.0
2886993,Joven,100.0
2882180,Joven,100.0
2878308,Joven,100.0
2894276,Joven,100.0
2906980,Joven,100.0
2900054,Joven,100.0
2916762,Joven,100.0
2875456,Joven,100.0
2918113,Adulto,100.0
2879108,Joven,100.0
2905098,Joven,100.0
2885796,Adulto,100.0
2888834,Joven,100.0
2897228,Joven,100.0
2876237,Joven,100.0
2908409,Joven,100.0
2907970,Joven,100.0
2899680,Joven,100.0
2903991,Joven,100.0
2912290,Joven,100.0
2873877,Joven,100.0
2888087,Adulto,100.0
2871588,Adulto,100.0
2876103,Joven,100.0
2892899,Joven,100.0
2904532,Joven,100.0
2887534,Joven,100.0
2899614,Joven,100.0
2906056,Adulto,100.0
2891655,Adulto,100.0
2874390,Joven,100.0
2906152,Adulto,100.0
2917511,Joven,100.0
2894669,Joven,100.0
2906222,Joven,100.0
2877420,Joven,100.0
2884823,Adulto,100.0
2907535,Joven,100.0
2891633,Joven,100.0
2881307,Joven,100.0
2899202,Joven,100.0
2915415,Joven,100.0
2906600,Joven,100.0
2901193,Joven,100.0
2892039,Joven,100.0
2916987,Joven,100.0
2894169,Joven,100.0
2910316,Adulto,100.0
2874975,Joven,100.0
2874979,Joven,100.0
2894661,Adulto,100.0
2912695,Joven,100.0
2895947,Joven,100.0
2870460,Joven,100.0
2896722,Joven,100.0
2892927,Joven,100.0
2870579,Joven,100.0
2902295,Joven,100.0
2884433,Joven,100.0
2881967,Joven,100.0
2908012,Joven,100.0
2918589,Joven,100.0
2917903,Joven,100.0
2897538,Joven,100.0
2881959,Adulto,100.0
2877874,Joven,100.0
2911640,Joven,100.0
2892894,Adulto,100.0
2888818,Joven,100.0
2897733,Joven,100.0
2897892,Joven,100.0
2879337,Joven,100.0
2872730,Adulto,100.0
2917782,Joven,100.0
2885169,Joven,100.0
2894595,Joven,100.0
2889580,Joven,100.0
2892501,Joven,100.0
2919970,Joven,100.0
2896159,Joven,100.0
2906362,Joven,100.0
2919362,Joven,100.0
2906824,Adulto,100.0
2872201,Joven,100.0
2906313,Adulto,100.0
2890956,Adulto,100.0
2907557,Joven,100.0
2895705,Joven,100.0
2886954,Joven,100.0
2914573,Joven,100.0
2896207,Joven,100.0
2900545,Joven,100.0
2884216,Joven,100.0
2908884,Joven,100.0
2879985,Joven,100.0
2919925,Joven,100.0
2892509,Adulto,100.0
2905429,Joven,100.0
2915080,Joven,100.0
2880191,Joven,100.0
2916243,Joven,100.0
2873744,Joven,100.0
2892231,Adulto,100.0
2884940,Joven,100.0
2896254,Joven,100.0
2912292,Joven,100.0
2876299,Joven,100.0
2906631,Adulto,100.0
2898766,Joven,100.0
2895068,Joven,100.0
2877385,Joven,100.0
2887146,Joven,100.0
2891832,Joven,100.0
2889005,Joven,100.0
2905996,Joven,100.0
2875910,Joven,100.0
2890125,Joven,100.0
2898581,Joven,100.0
2912490,Joven,100.0
2909728,Joven,100.0
2896926,Joven,100.0
2906236,Joven,100.0
2876976,Joven,100.0
2901514,Joven,100.0
2871243,Joven,100.0
2912546,Joven,100.0
2912306,Joven,100.0
2904669,Joven,100.0
2896711,Joven,100.0
2903148,Joven,100.0
2905475,Joven,100.0
2899319,Joven,100.0
2901958,Joven,100.0
2907892,Joven,100.0
2894394,Adulto,100.0
2893308,Adulto,100.0
2881519,Joven,100.0
2902281,Adulto,100.0
2890515,Joven,100.0
2897876,Joven,100.0
2908833,Joven,100.0
2909681,Joven,100.0
2907822,Joven,100.0
2886584,Adulto,100.0
2877301,Joven,100.0
2892935,Joven,100.0
2917836,Joven,100.0
2901110,Joven,100.0
2891728,Joven,100.0
2880359,Joven,100.0
2906939,Joven,100.0
2877792,Joven,100.0
2870113,Joven,100.0
2907808,Joven,100.0
2914224,Joven,100.0
2901417,Joven,100.0
2880530,Joven,100.0
2876778,Adulto,100.0
2918547,Joven,100.0
2905323,Joven,100.0
2914199,Joven,100.0
2895910,Adulto,100.0
2876202,Joven,100.0
2894035,Joven,100.0
2905592,Adulto,100.0
2908500,Adulto,100.0
2919266,Joven,100.0
2877206,Joven,100.0
2891588,Adulto,100.0
2890834,Joven,100.0
2896147,Joven,100.0
2889335,Joven,100.0
2915638,Joven,100.0
2884742,Joven,100.0
2903962,Joven,100.0
2912383,Joven,100.0
2893794,Joven,100.0
2908996,Joven,100.0
2910021,Joven,100.0
2878414,Adulto,100.0
2874669,Joven,100.0
2888024,Joven,100.0
2918486,Joven,100.0
2902997,Joven,100.0
2904966,Joven,100.0
2870667,Joven,100.0
2902038,Joven,100.0
2903458,Joven,100.0
2915098,Joven,100.0
2914303,Joven,100.0
2914156,Joven,100.0
2879635,Adulto,100.0
2915995,Joven,100.0
2915528,Joven,100.0
2909374,Joven,100.0
2879394,Joven,100.0
2894021,Joven,100.0
2883744,Joven,100.0
2895221,Joven,100.0
2873044,Joven,100.0
2903738,Joven,100.0
2888527,Adulto,100.0
2900228,Joven,100.0
2901760,Joven,100.0
2918083,Adulto,100.0
2906646,Joven,100.0
2870464,Joven,100.0
2909401,Joven,100.0
2911739,Joven,100.0
2894772,Joven,100.0
2885801,Joven,100.0
2872307,Joven,100.0
2909625,Joven,100.0
2870447,Joven,100.0
2912553,Joven,100.0
2904152,Adulto,100.0
2899905,Joven,100.0
2910312,Joven,100.0
2908774,Joven,100.0
2887488,Joven,100.0
2901757,Joven,100.0
2876512,Joven,100.0
2891555,Joven,100.0
2874813,Adulto,100.0
2874499,Joven,100.0
2908301,Joven,100.0
2902236,Adulto,100.0
2883798,Joven,100.0
2900464,Joven,100.0
2911071,Joven,100.0
2881481,Adulto,100.0
2911786,Joven,100.0
2908239,Joven,100.0
2897179,Adulto,100.0
2897415,Joven,100.0
2915275,Joven,100.0
2876540,Joven,100.0
2891138,Joven,100.0
2897044,Joven,100.0
2895515,Joven,100.0
2878513,Joven,100.0
2912096,Adulto,100.0
2875362,Adulto,100.0
2875663,Joven,100.0
2871657,Joven,100.0
2915717,Joven,100.0
2876925,Adulto,100.0
2886244,Joven,100.0
2877795,Joven,100.0
2892481,Joven,100.0
2905528,Joven,100.0
2878340,Joven,100.0
2912232,Joven,100.0
2875006,Joven,100.0
2903638,Joven,100.0
2888646,Joven,100.0
2878025,Joven,100.0
2902118,Adulto,100.0
2916293,Joven,100.0
2898008,Adulto,100.0
2892665,Joven,100.0
2900335,Joven,100.0
2884622,Joven,100.0
2894374,Joven,100.0
2919568,Joven,100.0
2892311,Adulto,100.0
2900195,Joven,100.0
2889825,Joven,100.0
2887851,Joven,100.0
2872819,Joven,100.0
2911910,Joven,100.0
2882664,Joven,100.0
2892079,Joven,100.0
2877793,Joven,100.0
2886311,Joven,100.0
2875268,Joven,100.0
2884036,Joven,100.0
2881501,Joven,100.0
2875138,Joven,100.0
2908244,Joven,100.0
2899613,Joven,100.0
2900557,Joven,100.0
2917057,Joven,100.0
2893155,Joven,100.0
2903151,Joven,100.0
2878404,Joven,100.0
2917881,Joven,100.0
2907789,Joven,100.0
2896176,Joven,100.0
2894391,Joven,100.0
2916546,Joven,100.0
2903213,Joven,100.0
2901547,Joven,100.0
2913980,Joven,100.0
2900720,Joven,100.0
2884107,Joven,100.0
2903772,Adulto,100.0
2912140,Joven,100.0
2894029,Joven,100.0
2905033,Joven,100.0
2875104,Adulto,100.0
2880307,Joven,100.0
2909739,Joven,100.0
2901910,Joven,100.0
2913022,Joven,100.0
2905020,Joven,100.0
2886035,Adulto,100.0
2893372,Joven,100.0
2878503,Joven,100.0
2913408,Joven,100.0
2903500,Joven,100.0
2892461,Joven,100.0
2898202,Joven,100.0
2871757,Joven,100.0
2875386,Joven,100.0
2911972,Joven,100.0
2896425,Joven,100.0
2906668,Adulto,100.0
2896964,Adulto,100.0
2906071,Joven,100.0
2893431,Joven,100.0
2872363,Joven,100.0
2882313,Joven,100.0
2890529,Joven,100.0
2884572,Joven,100.0
2893015,Joven,100.0
2880635,Joven,100.0
2898743,Joven,100.0
2898158,Joven,100.0
2874346,Joven,100.0
2903851,Adulto,100.0
2912641,Joven,100.0
2896879,Joven,100.0
2890856,Joven,100.0
2870907,Joven,100.0
2888330,Adulto,100.0
2907205,Joven,100.0
2918128,Joven,100.0
2900397,Joven,100.0
2884121,Joven,100.0
2894311,Joven,100.0
2919097,Joven,100.0
2890248,Joven,100.0
2877144,Joven,100.0
2876698,Joven,100.0
2895958,Joven,100.0
2873899,Adulto,100.0
2877104,Joven,100.0
2917498,Joven,100.0
2904530,Adulto,100.0
2905791,Joven,100.0
2874931,Joven,100.0
2876919,Adulto,100.0
2876379,Adulto,100.0
2884790,Joven,100.0
2906710,Joven,100.0
2910108,Joven,100.0
2912145,Joven,100.0
2898048,Joven,100.0
2885833,Joven,100.0
2899943,Joven,100.0
2875436,Joven,100.0
2899570,Joven,100.0
2911555,Joven,100.0
2883708,Adulto,100.0
2874650,Joven,100.0
2910880,Joven,100.0
2881268,Joven,100.0
2884723,Adulto,100.0
2894200,Joven,100.0
2918587,Joven,100.0
2892759,Joven,100.0
2875035,Joven,100.0
2918246,Joven,100.0
2901138,Joven,100.0
2904770,Joven,100.0
2899533,Joven,100.0
2902130,Adulto,100.0
2880383,Joven,100.0
2902761,Joven,100.0
2874609,Adulto,100.0
2870964,Joven,100.0
2900629,Joven,100.0
2897468,Joven,100.0
2910003,Joven,100.0
2884519,Adulto,100.0
2909099,Adulto,100.0
2917956,Joven,100.0
2902166,Joven,100.0
2914334,Joven,100.0
2890197,Joven,100.0
2887072,Adulto,100.0
2883524,Joven,100.0
2872227,Adulto,100.0
2892768,Joven,100.0
2897814,Adulto,100.0
2882106,Joven,100.0
2892647,Joven,100.0
2880543,Joven,100.0
2875134,Joven,100.0
2915891,Joven,100.0
2906311,Adulto,100.0
2898682,Joven,100.0
2887121,Joven,100.0
2894829,Joven,100.0
2871033,Adulto,100.0
2883096,Joven,100.0
2916840,Adulto,100.0
2900363,Joven,100.0
2889571,Joven,100.0
2917853,Adulto,100.0
2873292,Joven,100.0
2892831,Adulto,100.0
2894811,Joven,100.0
2873066,Joven,100.0
2910091,Joven,100.0
2871855,Joven,100.0
2892968,Joven,100.0
2882844,Joven,100.0
2883335,Joven,100.0
2900271,Joven,100.0
2910478,Joven,100.0
2907199,Joven,100.0
2889291,Joven,100.0
2912955,Adulto,100.0
2913245,Joven,100.0
2879381,Adulto,100.0
2885223,Adulto,100.0
2895805,Joven,100.0
2908219,Joven,100.0
2877373,Joven,100.0
2893199,Joven,100.0
2906200,Joven,100.0
2900517,Joven,100.0
2896649,Joven,100.0
2914423,Joven,100.0
2912867,Joven,100.0
2916415,Joven,100.0
2881371,Joven,100.0
2898884,Joven,100.0
2877406,Joven,100.0
2871181,Joven,100.0
2895308,Joven,100.0
2904177,Joven,100.0
2908759,Joven,100.0
2885965,Adulto,100.0
2881201,Joven,100.0
2901736,Joven,100.0
2888987,Adulto,100.0
2914306,Adulto,100.0
2905887,Joven,100.0
2900162,Joven,100.0
2874142,Joven,100.0
2911652,Joven,100.0
2893490,Joven,100.0
2900898,Joven,100.0
2894704,Joven,100.0
2871473,Joven,100.0
2910523,Joven,100.0
2884898,Joven,100.0
2903271,Joven,100.0
2912273,Joven,100.0
2915650,Joven,100.0
2882332,Joven,100.0
2912382,Joven,100.0
2913051,Joven,100.0
2905346,Joven,100.0
2895467,Joven,100.0
2908318,Joven,100.0
2916921,Joven,100.0
2904250,Joven,100.0
2881847,Joven,100.0
2887112,Joven,100.0
2875366,Adulto,100.0
2907145,Joven,100.0
2917651,Joven,100.0
2907812,Joven,100.0
2908648,Joven,100.0
2902944,Adulto,100.0
2884938,Joven,100.0
2908576,Joven,100.0
2876662,Joven,100.0
2889813,Joven,100.0
2888995,Joven,100.0
2891595,Joven,100.0
2901369,Joven,100.0
2893194,Joven,100.0
2870340,Joven,100.0
2870152,Joven,100.0
2901140,Adulto,100.0
2888517,Joven,100.0
2885529,Joven,100.0
2896403,Joven,100.0
2870327,Joven,100.0
2897835,Adulto,100.0
2917410,Joven,100.0
2889443,Joven,100.0
2874227,Joven,100.0
2884871,Joven,100.0
2916644,Joven,100.0
2913075,Adulto,100.0
2871412,Adulto,100.0
2900226,Joven,100.0
2914187,Joven,100.0
2901485,Joven,100.0
2907194,Joven,100.0
2888790,Joven,100.0
2871103,Joven,100.0
2889792,Joven,100.0
2875680,Joven,100.0
2875422,Joven,100.0
2891509,Joven,100.0
2890166,Joven,100.0
2871279,Joven,100.0
2901312,Joven,100.0
2908622,Adulto,100.0
2905457,Joven,100.0
2910456,Adulto,100.0
2899316,Joven,100.0
2883864,Adulto,100.0
2894453,Joven,100.0
2883202,Joven,100.0
2903192,Joven,100.0
2886026,Joven,100.0
2881155,Joven,100.0
2871244,Joven,100.0
2917617,Joven,100.0
2909301,Joven,100.0
2895091,Joven,100.0
2876923,Joven,100.0
2884549,Joven,100.0
2904262,Joven,100.0
2900149,Joven,100.0
2899838,Joven,100.0
2916797,Joven,100.0
2870870,Joven,100.0
2874588,Joven,100.0
2885828,Joven,100.0
2887283,Joven,100.0
2898307,Joven,100.0
2879698,Joven,100.0
2875789,Joven,100.0
2884481,Joven,100.0
2902500,Adulto,100.0
2919841,Joven,100.0
2907190,Joven,100.0
2879539,Joven,100.0
2871680,Joven,100.0
2900706,Joven,100.0
2884163,Joven,100.0
2910120,Joven,100.0
2881897,Joven,100.0
2889466,Joven,100.0
2882802,Joven,100.0
2891813,Joven,100.0
2914411,Joven,100.0
2893069,Joven,100.0
2874796,Joven,100.0
2913250,Joven,100.0
2909178,Joven,100.0
2909544,Joven,100.0
2894967,Joven,100.0
2873901,Adulto,100.0
2876173,Joven,100.0
2871419,Joven,100.0
2888977,Joven,100.0
2900413,Joven,100.0
2914450,Adulto,100.0
2909238,Joven,100.0
2898706,Joven,100.0
2886933,Joven,100.0
2882328,Joven,100.0
2899175,Joven,100.0
2915799,Adulto,100.0
2875227,Joven,100.0
2895117,Joven,100.0
2887029,Joven,100.0
2918398,Joven,100.0
2909618,Joven,100.0
2871614,Joven,100.0
2912077,Adulto,100.0
2890991,Joven,100.0
2907130,Joven,100.0
2908823,Adulto,100.0
2890673,Joven,100.0
2900955,Joven,100.0
2909505,Joven,100.0
2886677,Joven,100.0
2902190,Joven,100.0
2917430,Joven,100.0
2896710,Joven,100.0
2871698,Joven,100.0
2902177,Joven,100.0
2915827,Joven,100.0
2892907,Joven,100.0
2911256,Joven,100.0
2918531,Joven,100.0
2919605,Joven,100.0
2889611,Joven,100.0
2889152,Joven,100.0
2892414,Adulto,100.0
2897081,Adulto,100.0
2882710,Joven,100.0
2870240,Joven,100.0
2883352,Joven,100.0
2883880,Joven,100.0
2896888,Joven,100.0
2914244,Joven,100.0
2879286,Joven,100.0
2878779,Joven,100.0
2915399,Joven,100.0
2899297,Joven,100.0
2880555,Joven,100.0
2878191,Joven,100.0
2879727,Joven,100.0
2876296,Joven,100.0
2884908,Joven,100.0
2878271,Adulto,100.0
2912960,Joven,100.0
2907914,Joven,100.0
2876740,Joven,100.0
2914893,Joven,100.0
2893892,Joven,100.0
2886151,Joven,100.0
2882395,Joven,100.0
2891010,Joven,100.0
2891331,Joven,100.0
2883243,Joven,100.0
2886745,Joven,100.0
2886593,Joven,100.0
2916833,Joven,100.0
2883911,Joven,100.0
2908319,Joven,100.0
2910881,Joven,100.0
2910193,Joven,100.0
2909186,Joven,100.0
2899698,Joven,100.0
2878217,Joven,100.0
2918101,Joven,100.0
2891897,Joven,100.0
2916208,Joven,100.0
2885845,Adulto,100.0
2887016,Joven,100.0
2881672,Joven,100.0
2874148,Adulto,100.0
2877540,Joven,100.0
2880953,Joven,100.0
2889954,Joven,100.0
2914551,Joven,100.0
2894570,Joven,100.0
2916112,Joven,100.0
2916883,Joven,100.0
2898539,Joven,100.0
2895545,Joven,100.0
2913382,Joven,100.0
2898905,Joven,100.0
2900370,Adulto,100.0
2883607,Joven,100.0
2910778,Joven,100.0
2887205,Joven,100.0
2916390,Joven,100.0
2898252,Joven,100.0
2910945,Joven,100.0
2879894,Joven,100.0
2913375,Joven,100.0
2905526,Joven,100.0
2912195,Joven,100.0
2889906,Adulto,100.0
2907628,Joven,100.0
2904929,Joven,100.0
2893200,Joven,100.0
2887228,Joven,100.0
2888814,Joven,100.0
2910874,Joven,100.0
2890578,Joven,100.0
2897877,Joven,100.0
2880734,Joven,100.0
2912966,Joven,100.0
2902435,Joven,100.0
2918387,Joven,100.0
2892669,Joven,100.0
2899384,Joven,100.0
2893468,Joven,100.0
2887596,Joven,100.0
2892886,Joven,100.0
2919729,Joven,100.0
2919217,Joven,100.0
2872104,Joven,100.0
2892837,Joven,100.0
2894429,Joven,100.0
2871638,Joven,100.0
2897545,Joven,100.0
2878186,Joven,100.0
2918318,Joven,100.0
2906003,Joven,100.0
2909802,Joven,100.0
2875375,Joven,100.0
2870781,Joven,100.0
2888493,Joven,100.0
2883926,Joven,100.0
2913660,Joven,100.0
2911303,Joven,100.0
2907747,Joven,100.0
2896233,Joven,100.0
2879053,Joven,100.0
2886245,Joven,100.0
2910434,Joven,100.0
2902915,Joven,100.0
2905922,Joven,100.0
2888003,Joven,100.0
2873821,Joven,100.0
2893031,Joven,100.0
2883575,Joven,100.0
2896048,Joven,100.0
2885140,Joven,100.0
2910199,Joven,100.0
2897068,Joven,100.0
2891672,Joven,100.0
2901709,Joven,100.0
2871464,Joven,100.0
2899491,Joven,100.0
2914907,Adulto,100.0
2897246,Joven,100.0
2914035,Joven,100.0
2878124,Joven,100.0
2913267,Joven,100.0
2909797,Adulto,100.0
2902150,Joven,100.0
2889276,Joven,100.0
2896849,Joven,100.0
2886575,Joven,100.0
2875437,Joven,100.0
2918000,Joven,100.0
2898869,Joven,100.0
2904738,Adulto,100.0
2903052,Joven,100.0
2879023,Adulto,100.0
2904664,Adulto,100.0
2877989,Joven,100.0
2895740,Adulto,100.0
2875732,Joven,100.0
2877339,Joven,100.0
2915938,Joven,100.0
2896981,Joven,100.0
2910511,Joven,100.0
2884931,Adulto,100.0
2918566,Adulto,100.0
2902918,Joven,100.0
2888709,Joven,100.0
2900023,Joven,100.0
2913680,Joven,100.0
2889704,Joven,100.0
2901573,Joven,100.0
2886413,Joven,100.0
2879134,Joven,100.0
2875665,Joven,100.0
2872329,Joven,100.0
2893231,Adulto,100.0
2902697,Joven,100.0
2891062,Joven,100.0
2917580,Joven,100.0
2886777,Joven,100.0
2877226,Joven,100.0
2912948,Joven,100.0
2906723,Joven,100.0
2906725,Joven,100.0
2876478,Adulto,100.0
2918203,Joven,100.0
2905109,Adulto,100.0
2907533,Joven,100.0
2895043,Joven,100.0
2919378,Joven,100.0
2902360,Joven,100.0
2876127,Joven,100.0
2904687,Joven,100.0
2910284,Joven,100.0
2913010,Joven,100.0
2895711,Joven,100.0
2916068,Joven,100.0
2889515,Joven,100.0
2908947,Joven,100.0
2907521,Joven,100.0
2909110,Joven,100.0
2893650,Joven,100.0
2871182,Joven,100.0
2918471,Joven,100.0
2888769,Joven,100.0
2907833,Joven,100.0
2895592,Joven,100.0
2899438,Joven,100.0
2890737,Joven,100.0
2906034,Joven,100.0
2885924,Joven,100.0
2870722,Joven,100.0
2890446,Joven,100.0
2918012,Adulto,100.0
2882348,Joven,100.0
2876389,Joven,100.0
2918947,Adulto,100.0
2901307,Joven,100.0
2875166,Joven,100.0
2875125,Adulto,100.0
2915973,Joven,100.0
2885149,Adulto,100.0
2915114,Joven,100.0
2900210,Joven,100.0
2919040,Joven,100.0
2891380,Joven,100.0
2900926,Joven,100.0
2903186,Joven,100.0
2897791,Joven,100.0
2885301,Joven,100.0
2877069,Joven,100.0
2872624,Adulto,100.0
2895699,Joven,100.0
2919917,Joven,100.0
2870169,Joven,100.0
2912361,Adulto,100.0
2886025,Joven,100.0
2911991,Joven,100.0
2888767,Adulto,100.0
2896586,Joven,100.0
2909250,Joven,100.0
2915993,Joven,100.0
2913796,Joven,100.0
2904772,Joven,100.0
2902924,Joven,100.0
2905515,Adulto,100.0
2877139,Joven,100.0
2910122,Joven,100.0
2911023,Joven,100.0
2893972,Joven,100.0
2901415,Joven,100.0
2907715,Joven,100.0
2879465,Joven,100.0
2895085,Joven,100.0
2919826,Joven,100.0
2889932,Joven,100.0
2905551,Joven,100.0
2903178,Adulto,100.0
2886424,Joven,100.0
2902895,Joven,100.0
2888226,Joven,100.0
2877039,Joven,100.0
2889667,Joven,100.0
2900134,Joven,100.0
2919064,Joven,100.0
2901210,Joven,100.0
2907777,Joven,100.0
2883311,Joven,100.0
2881280,Joven,100.0
2886692,Joven,100.0
2882104,Joven,100.0
2916510,Joven,100.0
2892336,Joven,100.0
2882213,Joven,100.0
2898742,Joven,100.0
2893090,Joven,100.0
2881478,Joven,100.0
2888679,Joven,100.0
2875875,Joven,100.0
2885233,Joven,100.0
2884926,Joven,100.0
2914484,Joven,100.0
2874849,Joven,100.0
2884679,Joven,100.0
2897350,Adulto,100.0
2898843,Joven,100.0
2908247,Joven,100.0
2893454,Joven,100.0
2874933,Joven,100.0
2911148,Joven,100.0
2911537,Joven,100.0
2876874,Joven,100.0
2907419,Joven,100.0
2872309,Joven,100.0
2881341,Joven,100.0
2900771,Joven,100.0
2913973,Joven,100.0
2889340,Joven,100.0
2897919,Joven,100.0
2919684,Joven,100.0
2881492,Joven,100.0
2887546,Adulto,100.0
2913950,Joven,100.0
2898182,Joven,100.0
2906479,Joven,100.0
2878030,Joven,100.0
2912080,Joven,100.0
2911552,Adulto,100.0
2910651,Joven,100.0
2906574,Adulto,100.0
2886840,Joven,100.0
2903325,Joven,100.0
2899977,Joven,100.0
2916673,Joven,100.0
2918800,Joven,100.0
2873951,Joven,100.0
2875588,Joven,100.0
2896185,Joven,100.0
2896515,Joven,100.0
2885692,Joven,100.0
2916119,Joven,100.0
2874116,Joven,100.0
2874627,Joven,100.0
2875369,Joven,100.0
2870100,Joven,100.0
2870408,Joven,100.0
2901037,Joven,100.0
2885410,Joven,100.0
2884678,Adulto,100.0
2885014,Joven,100.0
2878083,Adulto,100.0
2874113,Joven,100.0
2911892,Adulto,100.0
2917995,Joven,100.0
2882817,Joven,100.0
2882431,Adulto,100.0
2902156,Joven,100.0
2870554,Joven,100.0
2919281,Joven,100.0
2902566,Joven,100.0
2903084,Joven,100.0
2896736,Joven,100.0
2914978,Joven,100.0
2890279,Joven,100.0
2911359,Joven,100.0
2883802,Joven,100.0
2882412,Joven,100.0
2882477,Joven,100.0
2913403,Joven,100.0
2914384,Joven,100.0
2906493,Joven,100.0
2896438,Joven,100.0
2886665,Joven,100.0
2919096,Joven,100.0
2919603,Joven,100.0
2910542,Joven,100.0
2914622,Joven,100.0
2881449,Joven,100.0
2877114,Joven,100.0
2907035,Joven,100.0
2910228,Joven,100.0
2899840,Adulto,100.0
2876268,Adulto,100.0
2877091,Joven,100.0
2876440,Joven,100.0
2881247,Joven,100.0
2878821,Joven,100.0
2912048,Joven,100.0
2884912,Joven,100.0
2874129,Joven,100.0
2894547,Joven,100.0
2904947,Joven,100.0
2871878,Joven,100.0
2877183,Joven,100.0
2917734,Joven,100.0
2904909,Joven,100.0
2901172,Joven,100.0
2884838,Joven,100.0
2913700,Joven,100.0
2891086,Joven,100.0
2874920,Joven,100.0
2878573,Joven,100.0
2912207,Joven,100.0
2878952,Joven,100.0
2904765,Joven,100.0
2917089,Joven,100.0
2889179,Joven,100.0
2900536,Adulto,100.0
2881073,Joven,100.0
2900487,Joven,100.0
2877485,Joven,100.0
2897595,Joven,100.0
2876312,Adulto,100.0
2871247,Joven,100.0
2894110,Joven,100.0
2910796,Adulto,100.0
2898108,Joven,100.0
2871823,Joven,100.0
2879827,Adulto,100.0
2873843,Joven,100.0
2878399,Joven,100.0
2877318,Joven,100.0
2882846,Joven,100.0
2873841,Joven,100.0
2903603,Joven,100.0
2896523,Joven,100.0
2879633,Joven,100.0
2876958,Adulto,100.0
2886029,Joven,100.0
2886240,Joven,100.0
2877911,Adulto,100.0
2917773,Joven,100.0
2870509,Joven,100.0
2919231,Joven,100.0
2873850,Joven,100.0
2891648,Joven,100.0
2907611,Joven,100.0
2878520,Joven,100.0
2915093,Adulto,100.0
2899913,Joven,100.0
2898969,Joven,100.0
2893904,Joven,100.0
2897429,Joven,100.0
2903585,Joven,100.0
2885371,Joven,100.0
2873336,Joven,100.0
2903758,Adulto,100.0
2903994,Adulto,100.0
2913253,Joven,100.0
2886741,Joven,100.0
2881432,Joven,100.0
2899495,Adulto,100.0
2894561,Joven,100.0
2892591,Joven,100.0
2875015,Joven,100.0
2916140,Joven,100.0
2913558,Adulto,100.0
2878253,Joven,100.0
2912662,Joven,100.0
2905758,Joven,100.0
2912910,Joven,100.0
2888698,Joven,100.0
2908085,Joven,100.0
2916765,Joven,100.0
2893772,Joven,100.0
2909440,Adulto,100.0
2897625,Adulto,100.0
2878843,Joven,100.0
2916495,Joven,100.0
2896269,Joven,100.0
2883359,Joven,100.0
2895448,Joven,100.0
2870521,Joven,100.0
2889957,Joven,100.0
2916863,Joven,100.0
2905056,Joven,100.0
2910882,Joven,100.0
2902225,Joven,100.0
2911556,Joven,100.0
2911668,Adulto,100.0
2890046,Joven,100.0
2877236,Joven,100.0
2877749,Joven,100.0
2876309,Joven,100.0
2910436,Joven,100.0
2877860,Joven,100.0
2893380,Joven,100.0
2903339,Joven,100.0
2876915,Joven,100.0
2904229,Joven,100.0
2911354,Joven,100.0
2881233,Adulto,100.0
2876873,Joven,100.0
2899637,Adulto,100.0
2906142,Joven,100.0
2896951,Joven,100.0
2877221,Joven,100.0
2897018,Joven,100.0
2880144,Adulto,100.0
2909380,Adulto,100.0
2904350,Joven,100.0
2913283,Joven,100.0
2876659,Joven,100.0
2891559,Joven,100.0
2907250,Adulto,100.0
2886549,Joven,100.0
2885443,Joven,100.0
2890055,Adulto,100.0
2876014,Joven,100.0
2911429,Joven,100.0
2900596,Joven,100.0
2890505,Adulto,100.0
2881284,Joven,100.0
2913838,Joven,100.0
2908127,Joven,100.0
2893274,Joven,100.0
2895900,Adulto,100.0
2901157,Joven,100.0
2888998,Joven,100.0
2913312,Joven,100.0
2879077,Joven,100.0
2916163,Adulto,100.0
2909159,Joven,100.0
2915849,Joven,100.0
2907759,Joven,100.0
2917800,Joven,100.0
2902673,Joven,100.0
2870235,Joven,100.0
2891671,Joven,100.0
2877400,Joven,100.0
2914723,Joven,100.0
2918268,Joven,100.0
2919556,Joven,100.0
2897204,Joven,100.0
2874026,Joven,100.0
2870987,Joven,100.0
2914753,Joven,100.0
2913181,Joven,100.0
2918468,Joven,100.0
2917817,Joven,100.0
2917494,Joven,100.0
2880739,Joven,100.0
2886751,Joven,100.0
2919414,Joven,100.0
2886225,Joven,100.0
2889227,Adulto,100.0
2876912,Joven,100.0
2881242,Joven,100.0
2912182,Joven,100.0
2918088,Adulto,100.0
2913162,Adulto,100.0
2873597,Joven,100.0
2916145,Joven,100.0
2909473,Joven,100.0
2874836,Joven,100.0
2873293,Joven,100.0
2899186,Adulto,100.0
2894530,Joven,100.0
2887848,Joven,100.0
2894205,Joven,100.0
2914164,Joven,100.0
2919949,Joven,100.0
2905373,Joven,100.0
2876646,Joven,100.0
2899641,Joven,100.0
2913038,Joven,100.0
2885024,Joven,100.0
2893837,Adulto,100.0
2898476,Joven,100.0
2884094,Adulto,100.0
2882653,Joven,100.0
2882867,Joven,100.0
2880526,Joven,100.0
2878365,Joven,100.0
2895712,Joven,100.0
2911884,Joven,100.0
2899265,Joven,100.0
2900792,Adulto,100.0
2905336,Adulto,100.0
2894627,Joven,100.0
2899587,Joven,100.0
2907912,Adulto,100.0
2903609,Joven,100.0
2896169,Joven,100.0
2877644,Joven,100.0
2871441,Joven,100.0
2876761,Joven,100.0
2893778,Joven,100.0
2901363,Adulto,100.0
2877965,Joven,100.0
2912205,Joven,100.0
2908838,Joven,100.0
2902034,Joven,100.0
2905173,Joven,100.0
2912639,Joven,100.0
2894927,Joven,100.0
2897010,Joven,100.0
2890892,Joven,100.0
2906356,Joven,100.0
2916426,Joven,100.0
2891566,Joven,100.0
2900326,Joven,100.0
2876902,Adulto,100.0
2889212,Joven,100.0
2872456,Joven,100.0
2870376,Adulto,100.0
2871037,Joven,100.0
2874474,Joven,100.0
2880850,Joven,100.0
2873032,Adulto,100.0
2890503,Adulto,100.0
2898498,Joven,100.0
2883563,Joven,100.0
2915534,Adulto,100.0
2912271,Joven,100.0
2907652,Adulto,100.0
2912108,Joven,100.0
2875326,Joven,100.0
2878946,Joven,100.0
2878966,Joven,100.0
2879146,Joven,100.0
2911452,Joven,100.0
2874275,Joven,100.0
2895369,Joven,100.0
2889860,Joven,100.0
2906596,Joven,100.0
2877240,Joven,100.0
2915589,Joven,100.0
2914615,Joven,100.0
2909969,Joven,100.0
2897013,Joven,100.0
2892338,Joven,100.0
2915009,Joven,100.0
2875594,Joven,100.0
2880212,Joven,100.0
2899370,Joven,100.0
2871171,Joven,100.0
2904596,Joven,100.0
2900589,Joven,100.0
2902167,Joven,100.0
2908808,Joven,100.0
2879649,Joven,100.0
2893128,Joven,100.0
2872802,Joven,100.0
2897514,Joven,100.0
2889711,Joven,100.0
2872436,Joven,100.0
2892910,Joven,100.0
2898054,Joven,100.0
2896532,Joven,100.0
2872902,Joven,100.0
2901860,Joven,100.0
2911913,Joven,100.0
2876149,Adulto,100.0
2918691,Joven,100.0
2895054,Joven,100.0
2907793,Joven,100.0
2896323,Joven,100.0
2918121,Joven,100.0
2872756,Joven,100.0
2873575,Joven,100.0
2912875,Joven,100.0
2906734,Joven,100.0
2879485,Joven,100.0
2873871,Adulto,100.0
2871418,Joven,100.0
2876940,Joven,100.0
2877598,Adulto,100.0
2892394,Joven,100.0
2876797,Joven,100.0
2888462,Joven,100.0
2876027,Joven,100.0
2879693,Joven,100.0
2889116,Joven,100.0
2879015,Joven,100.0
2901881,Adulto,100.0
2871345,Joven,100.0
2893475,Adulto,100.0
2870953,Joven,100.0
2891898,Joven,100.0
2871893,Joven,100.0
2905938,Adulto,100.0
2893342,Adulto,100.0
2873622,Joven,100.0
2907370,Joven,100.0
2909241,Joven,100.0
2906702,Joven,100.0
2879763,Joven,100.0
2881607,Joven,100.0
2897769,Joven,100.0
2887597,Joven,100.0
2890592,Joven,100.0
2892632,Joven,100.0
2909520,Joven,100.0
2905583,Joven,100.0
2881665,Adulto,100.0
2897788,Joven,100.0
2879515,Joven,100.0
2905839,Joven,100.0
2893590,Joven,100.0
2917353,Joven,100.0
2895912,Joven,100.0
2917980,Joven,100.0
2900836,Joven,100.0
2911847,Adulto,100.0
2919602,Joven,100.0
2905065,Joven,100.0
2885323,Joven,100.0
2902179,Joven,100.0
2906208,Joven,100.0
2905671,Joven,100.0
2894806,Joven,100.0
2911407,Joven,100.0
2884585,Joven,100.0
2881832,Joven,100.0
2881606,Joven,100.0
2919994,Joven,100.0
2882865,Joven,100.0
2889333,Adulto,100.0
2871122,Joven,100.0
2918557,Joven,100.0
2909321,Joven,100.0
2873171,Joven,100.0
2892567,Joven,100.0
2886292,Joven,100.0
2870837,Joven,100.0
2904972,Joven,100.0
2871749,Joven,100.0
2875725,Joven,100.0
2876726,Joven,100.0
2907197,Joven,100.0
2906573,Joven,100.0
2911618,Joven,100.0
2912118,Joven,100.0
2878768,Joven,100.0
2891135,Joven,100.0
2918419,Joven,100.0
2886235,Joven,100.0
2884285,Joven,100.0
2904156,Joven,100.0
2879128,Joven,100.0
2885494,Adulto,100.0
2915392,Joven,100.0
2901166,Joven,100.0
2880674,Joven,100.0
2870467,Adulto,100.0
2880040,Joven,100.0
2901817,Joven,100.0
2873174,Joven,100.0
2914017,Joven,100.0
2900098,Joven,100.0
2887335,Joven,100.0
2876363,Joven,100.0
2898040,Adulto,100.0
2871813,Joven,100.0
2917061,Joven,100.0
2910221,Joven,100.0
2905717,Joven,100.0
2910782,Joven,100.0
2899298,Joven,100.0
2881087,Joven,100.0
2919462,Joven,100.0
2902276,Joven,100.0
2883168,Joven,100.0
2915360,Joven,100.0
2909357,Joven,100.0
2903878,Joven,100.0
2879601,Joven,100.0
2892673,Joven,100.0
2904018,Joven,100.0
2886170,Joven,100.0
2880845,Joven,100.0
2872789,Joven,100.0
2876152,Joven,100.0
2873199,Joven,100.0
2871292,Joven,100.0
2872017,Joven,100.0
2873768,Joven,100.0
2870544,Joven,100.0
2882836,Joven,100.0
2870906,Adulto,100.0
2896413,Adulto,100.0
2918292,Joven,100.0
2897934,Joven,100.0
2893689,Joven,100.0
2916026,Adulto,100.0
2888043,Joven,100.0
2895613,Joven,100.0
2877537,Joven,100.0
2890424,Joven,100.0
2913977,Joven,100.0
2884000,Joven,100.0
2914620,Joven,100.0
2886990,Joven,100.0
2905176,Joven,100.0
2914704,Joven,100.0
2916035,Joven,100.0
2875841,Adulto,100.0
2895589,Joven,100.0
2883086,Adulto,100.0
2896335,Joven,100.0
2884489,Joven,100.0
2893979,Joven,100.0
2905350,Joven,100.0
2874872,Joven,100.0
2917731,Joven,100.0
2904951,Joven,100.0
2917386,Joven,100.0
2915210,Joven,100.0
2902186,Joven,100.0
2874043,Adulto,100.0
2908413,Joven,100.0
2881655,Adulto,100.0
2885513,Joven,100.0
2904703,Joven,100.0
2914890,Joven,100.0
2880118,Joven,100.0
2885956,Joven,100.0
2919901,Joven,100.0
2892046,Joven,100.0
2896970,Joven,100.0
2909048,Joven,100.0
2884282,Joven,100.0
2894352,Joven,100.0
2871398,Joven,100.0
2881245,Joven,100.0
2873185,Joven,100.0
2916013,Joven,100.0
2919138,Joven,100.0
2919932,Joven,100.0
2893112,Adulto,100.0
2906066,Joven,100.0
2916382,Joven,100.0
2872654,Joven,100.0
2882046,Joven,100.0
2894999,Joven,100.0
2879713,Joven,100.0
2899236,Joven,100.0
2912233,Joven,100.0
2896063,Joven,100.0
2902493,Joven,100.0
2889804,Joven,100.0
2897036,Joven,100.0
2912737,Joven,100.0
2918759,Joven,100.0
2885159,Joven,100.0
2901168,Adulto,100.0
2879066,Joven,100.0
2875491,Joven,100.0
2898750,Adulto,100.0
2903774,Joven,100.0
2887400,Joven,100.0
2900268,Joven,100.0
2918929,Adulto,100.0
2878460,Adulto,100.0
2888518,Joven,100.0
2914834,Joven,100.0
2897854,Joven,100.0
2878774,Joven,100.0
2872057,Joven,100.0
2882883,Joven,100.0
2879598,Joven,100.0
2879327,Joven,100.0
2879593,Joven,100.0
2915923,Joven,100.0
2903897,Adulto,100.0
2891526,Adulto,100.0
2888152,Joven,100.0
2889369,Joven,100.0
2880031,Joven,100.0
2917267,Joven,100.0
2915239,Joven,100.0
2894184,Joven,100.0
2888764,Joven,100.0
2878017,Adulto,100.0
2893215,Adulto,100.0
2888254,Joven,100.0
2879892,Joven,100.0
2899089,Joven,100.0
2918620,Joven,100.0
2903279,Joven,100.0
2909289,Joven,100.0
2905999,Joven,100.0
2902498,Joven,100.0
2907598,Joven,100.0
2902771,Joven,100.0
2881490,Adulto,100.0
2891048,Joven,100.0
2878011,Joven,100.0
2889186,Joven,100.0
2884286,Joven,100.0
2893874,Joven,100.0
2872928,Joven,100.0
2891417,Adulto,100.0
2912274,Joven,100.0
2872899,Joven,100.0
2870892,Joven,100.0
2906843,Joven,100.0
2895981,Joven,100.0
2907188,Joven,100.0
2916006,Joven,100.0
2906598,Joven,100.0
2916049,Joven,100.0
2901837,Joven,100.0
2894323,Joven,100.0
2902235,Joven,100.0
2884837,Joven,100.0
2901921,Joven,100.0
2909069,Joven,100.0
2910697,Joven,100.0
2883167,Joven,100.0
2890109,Joven,100.0
2881641,Joven,100.0
2895265,Adulto,100.0
2873606,Joven,100.0
2908331,Joven,100.0
2917125,Joven,100.0
2893278,Joven,100.0
2892790,Joven,100.0
2870311,Joven,100.0
2885896,Joven,100.0
2881443,Adulto,100.0
2872875,Joven,100.0
2880698,Adulto,100.0
2896836,Joven,100.0
2885711,Joven,100.0
2897229,Joven,100.0
2907286,Joven,100.0
2889091,Joven,100.0
2899783,Joven,100.0
2914049,Joven,100.0
2892339,Joven,100.0
2879250,Adulto,100.0
2883018,Joven,100.0
2881486,Joven,100.0
2886363,Joven,100.0
2904781,Joven,100.0
2906420,Joven,100.0
2918036,Joven,100.0
2892204,Joven,100.0
2877631,Adulto,100.0
2899102,Joven,100.0
2879309,Adulto,100.0
2891762,Joven,100.0
2918483,Adulto,100.0
2888454,Joven,100.0
2881308,Joven,100.0
2878076,Adulto,100.0
2888359,Joven,100.0
2897432,Adulto,100.0
2878443,Joven,100.0
2914393,Joven,100.0
2888720,Joven,100.0
2900079,Joven,100.0
2892872,Adulto,100.0
2889087,Joven,100.0
2897244,Joven,100.0
2892102,Joven,100.0
2916516,Joven,100.0
2892243,Adulto,100.0
2905711,Joven,100.0
2879793,Joven,100.0
2895679,Joven,100.0
2880482,Joven,100.0
2875813,Joven,100.0
2900241,Joven,100.0
2896578,Joven,100.0
2906502,Joven,100.0
2886426,Joven,100.0
2876172,Adulto,100.0
2882214,Joven,100.0
2918494,Joven,100.0
2873911,Joven,100.0
2870700,Joven,100.0
2895963,Joven,100.0
2910970,Joven,100.0
2878775,Joven,100.0
2891061,Joven,100.0
2892465,Joven,100.0
2894775,Joven,100.0
2887130,Joven,100.0
2873352,Joven,100.0
2911768,Joven,100.0
2895882,Adulto,100.0
2880085,Joven,100.0
2918851,Joven,100.0
2883492,Joven,100.0
2910745,Joven,100.0
2885769,Adulto,100.0
2919905,Joven,100.0
2883777,Joven,100.0
2903425,Joven,100.0
2896517,Adulto,100.0
2915822,Joven,100.0
2893852,Joven,100.0
2883912,Adulto,100.0
2902169,Joven,100.0
2877455,Joven,100.0
2914783,Joven,100.0
2884189,Joven,100.0
2914559,Joven,100.0
2908160,Joven,100.0
2885157,Joven,100.0
2894069,Joven,100.0
2875967,Joven,100.0
2886224,Joven,100.0
2894955,Joven,100.0
2880996,Adulto,100.0
2913205,Joven,100.0
2894838,Joven,100.0
2886807,Joven,100.0
2896528,Joven,100.0
2881543,Joven,100.0
2902409,Joven,100.0
2875669,Adulto,100.0
2919614,Joven,100.0
2904793,Joven,100.0
2908163,Joven,100.0
2876957,Joven,100.0
2885072,Joven,100.0
2883540,Joven,100.0
2899163,Joven,100.0
2909566,Joven,100.0
2900225,Joven,100.0
2916813,Adulto,100.0
2917216,Joven,100.0
2892378,Joven,100.0
2900663,Joven,100.0
2880503,Joven,100.0
2894951,Joven,100.0
2890968,Joven,100.0
2878317,Joven,100.0
2916317,Joven,100.0
2882325,Joven,100.0
2879232,Joven,100.0
2901301,Joven,100.0
2875351,Joven,100.0
2892700,Adulto,100.0
2905916,Joven,100.0
2879650,Joven,100.0
2888027,Joven,100.0
2897008,Joven,100.0
2894007,Joven,100.0
2878650,Joven,100.0
2872484,Joven,100.0
2902481,Joven,100.0
2902837,Joven,100.0
2902638,Joven,100.0
2901833,Joven,100.0
2897341,Joven,100.0
2888082,Joven,100.0
2890422,Joven,100.0
2918143,Joven,100.0
2904379,Joven,100.0
2897069,Joven,100.0
2886864,Adulto,100.0
2895345,Joven,100.0
2873224,Joven,100.0
2874304,Joven,100.0
2903293,Joven,100.0
2909422,Joven,100.0
2913494,Joven,100.0
2916356,Joven,100.0
2889195,Joven,100.0
2872778,Joven,100.0
2911015,Joven,100.0
2893732,Joven,100.0
2897428,Joven,100.0
2887683,Joven,100.0
2877530,Joven,100.0
2874917,Joven,100.0
2893921,Joven,100.0
2875095,Adulto,100.0
2873501,Adulto,100.0
2902265,Adulto,100.0
2916904,Adulto,100.0
2909661,Adulto,100.0
2891174,Adulto,100.0
2900650,Joven,100.0
2908811,Joven,100.0
2889312,Joven,100.0
2895064,Joven,100.0
2881259,Joven,100.0
2906503,Joven,100.0
2873747,Joven,100.0
2885892,Joven,100.0
2877538,Joven,100.0
2893654,Joven,100.0
2882819,Joven,100.0
2913779,Adulto,100.0
2887217,Joven,100.0
2889788,Joven,100.0
2875657,Joven,100.0
2902054,Joven,100.0
2901844,Joven,100.0
2885837,Joven,100.0
2870204,Joven,100.0
2915578,Joven,100.0
2898587,Joven,100.0
2895695,Joven,100.0
2890858,Joven,100.0
2886103,Joven,100.0
2905022,Joven,100.0
2889126,Joven,100.0
2915763,Joven,100.0
2885755,Joven,100.0
2915291,Adulto,100.0
2895593,Joven,100.0
2900481,Adulto,100.0
2878435,Joven,100.0
2902930,Joven,100.0
2902455,Joven,100.0
2876892,Joven,100.0
2910718,Joven,100.0
2897977,Joven,100.0
2881171,Joven,100.0
2917296,Joven,100.0
2900473,Joven,100.0
2885865,Joven,100.0
2919323,Joven,100.0
2878615,Joven,100.0
2919622,Joven,100.0
2897435,Joven,100.0
2899432,Joven,100.0
2896214,Joven,100.0
2875712,Joven,100.0
2872828,Adulto,100.0
2892334,Joven,100.0
2917718,Joven,100.0
2904621,Joven,100.0
2900447,Joven,100.0
2888400,Joven,100.0
2876558,Joven,100.0
2874514,Joven,100.0
2914598,Joven,100.0
2902730,Joven,100.0
2879684,Joven,100.0
2918070,Joven,100.0
2919799,Joven,100.0
2871579,Joven,100.0
2889114,Joven,100.0
2907203,Joven,100.0
2905960,Joven,100.0
2888907,Joven,100.0
2887024,Joven,100.0
2900354,Joven,100.0
2880618,Joven,100.0
2912807,Joven,100.0
2919205,Joven,100.0
2871214,Joven,100.0
2880987,Joven,100.0
2891965,Joven,100.0
2878196,Adulto,100.0
2889817,Joven,100.0
2912164,Joven,100.0
2907211,Joven,100.0
2896694,Joven,100.0
2908388,Joven,100.0
2917553,Joven,100.0
2901591,Joven,100.0
2886685,Joven,100.0
2904274,Joven,100.0
2905359,Joven,100.0
2896865,Joven,100.0
2883112,Joven,100.0
2896627,Joven,100.0
2895773,Joven,100.0
2892937,Joven,100.0
2873034,Joven,100.0
2888476,Joven,100.0
2888901,Joven,100.0
2906064,Joven,100.0
2881758,Joven,100.0
2906681,Joven,100.0
2890986,Joven,100.0
2910626,Joven,100.0
2876346,Joven,100.0
2901913,Joven,100.0
2909282,Joven,100.0
2877680,Joven,100.0
2886980,Adulto,100.0
2873215,Adulto,100.0
2890687,Joven,100.0
2887727,Joven,100.0
2913317,Joven,100.0
2886054,Joven,100.0
2871300,Adulto,100.0
2900329,Joven,100.0
2911010,Joven,100.0
2886358,Joven,100.0
2870135,Joven,100.0
2896809,Joven,100.0
2911569,Joven,100.0
2885209,Joven,100.0
2919406,Joven,100.0
2885484,Joven,100.0
2871003,Joven,100.0
2900138,Joven,100.0
2899301,Joven,100.0
2900780,Joven,100.0
2891510,Joven,100.0
2879523,Joven,100.0
2878258,Joven,100.0
2888198,Joven,100.0
2919941,Joven,100.0
2887689,Adulto,100.0
2890839,Adulto,100.0
2872079,Joven,100.0
2903354,Joven,100.0
2905683,Adulto,100.0
2897038,Joven,100.0
2897283,Joven,100.0
2915338,Joven,100.0
2910733,Joven,100.0
2909940,Joven,100.0
2890501,Joven,100.0
2888448,Joven,100.0
2910822,Joven,100.0
2882824,Joven,100.0
2889615,Joven,100.0
2892980,Joven,100.0
2870674,Joven,100.0
2898238,Joven,100.0
2895097,Adulto,100.0
2916279,Joven,100.0
2870095,Adulto,100.0
2872921,Joven,100.0
2886626,Joven,100.0
2905238,Joven,100.0
2914339,Joven,100.0
2896658,Joven,100.0
2882988,Joven,100.0
2891631,Joven,100.0
2870748,Adulto,100.0
2877654,Adulto,100.0
2919443,Joven,100.0
2918762,Joven,100.0
2895103,Joven,100.0
2901550,Joven,100.0
2879026,Joven,100.0
2879304,Joven,100.0
2877415,Joven,100.0
2887842,Joven,100.0
2916545,Joven,100.0
2887385,Joven,100.0
2893678,Joven,100.0
2877669,Joven,100.0
2904450,Joven,100.0
2915525,Joven,100.0
2894452,Adulto,100.0
2877075,Joven,100.0
2896388,Joven,100.0
2911032,Joven,100.0
2913751,Joven,100.0
2896104,Joven,100.0
2915813,Joven,100.0
2874360,Adulto,100.0
2905277,Joven,100.0
2880593,Joven,100.0
2903136,Joven,100.0
2910036,Adulto,100.0
2883496,Joven,100.0
2887280,Joven,100.0
2884968,Joven,100.0
2873388,Joven,100.0
2901209,Adulto,100.0
2902021,Adulto,100.0
2904297,Joven,100.0
2903190,Joven,100.0
2905644,Joven,100.0
2885821,Joven,100.0
2881869,Joven,100.0
2880628,Joven,100.0
2876791,Joven,100.0
2872127,Joven,100.0
2888840,Joven,100.0
2904419,Joven,100.0
2895703,Joven,100.0
2891938,Adulto,100.0
2889617,Adulto,100.0
2891543,Joven,100.0
2890933,Joven,100.0
2876792,Joven,100.0
2918957,Joven,100.0
2882102,Joven,100.0
2897139,Adulto,100.0
2905085,Joven,100.0
2872442,Joven,100.0
2874651,Joven,100.0
2890686,Adulto,100.0
2876497,Joven,100.0
2889228,Joven,100.0
2904647,Joven,100.0
2905012,Joven,100.0
2886567,Joven,100.0
2913158,Joven,100.0
2884651,Joven,100.0
2892191,Joven,100.0
2874677,Joven,100.0
2905831,Adulto,100.0
2883971,Joven,100.0
2897518,Joven,100.0
2902482,Joven,100.0
2881722,Joven,100.0
2914189,Adulto,100.0
2873578,Joven,100.0
2917380,Joven,100.0
2886392,Joven,100.0
2886280,Adulto,100.0
2911351,Joven,100.0
2874274,Joven,100.0
2906211,Joven,100.0
2891770,Joven,100.0
2914953,Joven,100.0
2897499,Joven,100.0
2903782,Joven,100.0
2886912,Joven,100.0
2916910,Joven,100.0
2898603,Joven,100.0
2905116,Joven,100.0
2893781,Joven,100.0
2897277,Joven,100.0
2902338,Joven,100.0
2887652,Joven,100.0
2909407,Joven,100.0
2908918,Joven,100.0
2884559,Joven,100.0
2905768,Joven,100.0
2900859,Joven,100.0
2879170,Joven,100.0
2871520,Joven,100.0
2914911,Joven,100.0
2896593,Joven,100.0
2873162,Joven,100.0
2881223,Joven,100.0
2874047,Joven,100.0
2879173,Joven,100.0
2911313,Joven,100.0
2902097,Joven,100.0
2910161,Joven,100.0
2887644,Joven,100.0
2884692,Adulto,100.0
2884693,Joven,100.0
2913753,Adulto,100.0
2882174,Joven,100.0
2876072,Joven,100.0
2903876,Adulto,100.0
2894961,Joven,100.0
2919990,Joven,100.0
2910430,Joven,100.0
2876962,Joven,100.0
2894693,Adulto,100.0
2905705,Joven,100.0
2888179,Joven,100.0
2891758,Joven,100.0
2906368,Joven,100.0
2881590,Joven,100.0
2875494,Joven,100.0
2889716,Joven,100.0
2878696,Joven,100.0
2895588,Adulto,100.0
2892842,Joven,100.0
2878619,Joven,100.0
2896270,Joven,100.0
2905161,Joven,100.0
2882579,Joven,100.0
2911001,Joven,100.0
2896298,Joven,100.0
2874348,Joven,100.0
2915576,Joven,100.0
2898095,Joven,100.0
2913139,Joven,100.0
2879590,Joven,100.0
2874843,Adulto,100.0
2915801,Joven,100.0
2884134,Joven,100.0
2896974,Joven,100.0
2887391,Joven,100.0
2895940,Joven,100.0
2892585,Adulto,100.0
2873770,Joven,100.0
2904065,Joven,100.0
2886534,Joven,100.0
2871178,Joven,100.0
2885669,Joven,100.0
2880022,Adulto,100.0
2905750,Joven,100.0
2874664,Joven,100.0
2916134,Adulto,100.0
2918795,Joven,100.0
2900000,Joven,100.0
2882136,Joven,100.0
2880199,Joven,100.0
2914770,Joven,100.0
2897169,Joven,100.0
2914733,Joven,100.0
2897806,Adulto,100.0
2873638,Joven,100.0
2902420,Joven,100.0
2880637,Joven,100.0
2878798,Joven,100.0
2890904,Joven,100.0
2912525,Joven,100.0
2873846,Joven,100.0
2870117,Joven,100.0
2916772,Joven,100.0
2886667,Joven,100.0
2878063,Joven,100.0
2898130,Adulto,100.0
2913428,Joven,100.0
2913859,Joven,100.0
2884089,Joven,100.0
2906466,Joven,100.0
2874502,Adulto,100.0
2894748,Joven,100.0
2910614,Joven,100.0
2902051,Joven,100.0
2904300,Joven,100.0
2891946,Joven,100.0
2916378,Joven,100.0
2909816,Joven,100.0
2873225,Joven,100.0
2916202,Adulto,100.0
2872589,Joven,100.0
2898215,Joven,100.0
2916448,Joven,100.0
2885644,Joven,100.0
2909015,Joven,100.0
2916888,Joven,100.0
2874317,Joven,100.0
2918219,Joven,100.0
2896249,Joven,100.0
2913557,Joven,100.0
2870740,Joven,100.0
2897189,Adulto,100.0
2909076,Joven,100.0
2919805,Joven,100.0
2911877,Joven,100.0
2917418,Joven,100.0
2900474,Joven,100.0
2873022,Joven,100.0
2901567,Joven,100.0
2889250,Joven,100.0
2893853,Joven,100.0
2888008,Joven,100.0
2874373,Adulto,100.0
2901063,Joven,100.0
2913368,Joven,100.0
2897999,Joven,100.0
2909280,Adulto,100.0
2899364,Joven,100.0
2884605,Joven,100.0
2873656,Joven,100.0
2903146,Joven,100.0
2878325,Joven,100.0
2911399,Joven,100.0
2892709,Joven,100.0
2896105,Joven,100.0
2874392,Joven,100.0
2879647,Joven,100.0
2899066,Joven,100.0
2899839,Joven,100.0
2908732,Joven,100.0
2905964,Joven,100.0
2880670,Joven,100.0
2912253,Adulto,100.0
2874296,Joven,100.0
2908687,Adulto,100.0
2909117,Joven,100.0
2888457,Joven,100.0
2895411,Joven,100.0
2910325,Joven,100.0
2886236,Joven,100.0
2897751,Joven,100.0
2873669,Joven,100.0
2897193,Joven,100.0
2907959,Joven,100.0
2909249,Joven,100.0
2902079,Joven,100.0
2899474,Joven,100.0
2895188,Joven,100.0
2902222,Joven,100.0
2870935,Joven,100.0
2872013,Joven,100.0
2882043,Joven,100.0
2895187,Joven,100.0
2872466,Adulto,100.0
2911967,Joven,100.0
2893705,Joven,100.0
2872440,Joven,100.0
2896443,Joven,100.0
2891628,Joven,100.0
2885425,Joven,100.0
2896004,Joven,100.0
2906398,Joven,100.0
2874720,Adulto,100.0
2890140,Joven,100.0
2915631,Joven,100.0
2877799,Joven,100.0
2875424,Joven,100.0
2912448,Joven,100.0
2918207,Joven,100.0
2896551,Joven,100.0
2885197,Joven,100.0
2887812,Joven,100.0
2874479,Joven,100.0
2905456,Joven,100.0
2919084,Joven,100.0
2902768,Joven,100.0
2890820,Joven,100.0
2876893,Joven,100.0
2882990,Adulto,100.0
2892073,Joven,100.0
2900678,Joven,100.0
2886089,Joven,100.0
2893021,Joven,100.0
2905008,Joven,100.0
2898984,Joven,100.0
2907547,Joven,100.0
2882020,Adulto,100.0
2890078,Joven,100.0
2892791,Joven,100.0
2902496,Joven,100.0
2889370,Joven,100.0
2909300,Adulto,100.0
2887208,Joven,100.0
2918763,Joven,100.0
2889441,Joven,100.0
2896308,Joven,100.0
2906830,Joven,100.0
2881445,Adulto,100.0
2915847,Joven,100.0
2895178,Joven,100.0
2910584,Joven,100.0
2877358,Joven,100.0
2918917,Joven,100.0
2876560,Adulto,100.0
2887687,Joven,100.0
2872818,Joven,100.0
2887216,Adulto,100.0
2906206,Joven,100.0
2913976,Joven,100.0
2875632,Joven,100.0
2889529,Joven,100.0
2904197,Joven,100.0
2899994,Adulto,100.0
2916421,Joven,100.0
2895591,Joven,100.0
2874221,Joven,100.0
2917814,Joven,100.0
2903353,Joven,100.0
2899885,Joven,100.0
2898728,Adulto,100.0
2903605,Adulto,100.0
2904637,Joven,100.0
2904654,Joven,100.0
2895224,Joven,100.0
2915733,Joven,100.0
2898305,Joven,100.0
2913189,Joven,100.0
2890803,Adulto,100.0
2876640,Joven,100.0
2878281,Joven,100.0
2892612,Joven,100.0
2892220,Joven,100.0
2876999,Joven,100.0
2912340,Joven,100.0
2914071,Joven,100.0
2900388,Joven,100.0
2873009,Joven,100.0
2882863,Joven,100.0
2894734,Joven,100.0
2874209,Joven,100.0
2910417,Joven,100.0
2905578,Joven,100.0
2895565,Joven,100.0
2897533,Joven,100.0
2873523,Joven,100.0
2882513,Joven,100.0
2902611,Joven,100.0
2877835,Joven,100.0
2899858,Joven,100.0
2912332,Joven,100.0
2900191,Joven,100.0
2884515,Joven,100.0
2916977,Joven,100.0
2891438,Joven,100.0
2906727,Adulto,100.0
2886457,Joven,100.0
2879686,Joven,100.0
2910639,Joven,100.0
2903163,Joven,100.0
2906870,Joven,100.0
2887654,Joven,100.0
2917724,Joven,100.0
2872769,Joven,100.0
2914518,Joven,100.0
2882314,Joven,100.0
2917358,Joven,100.0
2910473,Joven,100.0
2870823,Adulto,100.0
2883480,Joven,100.0
2897697,Joven,100.0
2897105,Joven,100.0
2918044,Joven,100.0
2902557,Joven,100.0
2890297,Adulto,100.0
2883556,Adulto,100.0
2895959,Joven,100.0
2917399,Joven,100.0
2899288,Joven,100.0
2879707,Joven,100.0
2885411,Joven,100.0
2871800,Adulto,100.0
2907588,Joven,100.0
2915504,Joven,100.0
2890832,Joven,100.0
2887587,Joven,100.0
2907984,Joven,100.0
2893503,Adulto,100.0
2877102,Joven,100.0
2901532,Joven,100.0
2881892,Joven,100.0
2916558,Joven,100.0
2872662,Joven,100.0
2895939,Joven,100.0
2901395,Adulto,100.0
2917127,Joven,100.0
2878090,Joven,100.0
2875598,Joven,100.0
2877779,Joven,100.0
2890922,Joven,100.0
2873589,Adulto,100.0
2919940,Adulto,100.0
2906437,Joven,100.0
2878725,Joven,100.0
2912176,Joven,100.0
2891269,Joven,100.0
2878733,Joven,100.0
2896342,Joven,100.0
2912002,Joven,100.0
2891967,Adulto,100.0
2888895,Joven,100.0
2908991,Joven,100.0
2875625,Joven,100.0
2875335,Joven,100.0
2898605,Joven,100.0
2888256,Joven,100.0
2895729,Joven,100.0
2893092,Adulto,100.0
2901750,Joven,100.0
2877274,Joven,100.0
2890793,Joven,100.0
2880336,Joven,100.0
2902234,Joven,100.0
2896577,Joven,100.0
2888132,Joven,100.0
2889843,Adulto,100.0
2874128,Joven,100.0
2886294,Joven,100.0
2909141,Joven,100.0
2879385,Joven,100.0
2878822,Joven,100.0
2896819,Joven,100.0
2919482,Joven,100.0
2883258,Joven,100.0
2884851,Joven,100.0
2882612,Joven,100.0
2896244,Joven,100.0
2884849,Joven,100.0
2906754,Joven,100.0
2878053,Joven,100.0
2890131,Joven,100.0
2916008,Adulto,100.0
2907804,Joven,100.0
2918094,Adulto,100.0
2905534,Joven,100.0
2912112,Joven,100.0
2878541,Joven,100.0
2879474,Joven,100.0
2897437,Adulto,100.0
2894303,Joven,100.0
2872193,Joven,100.0
2908256,Joven,100.0
2878335,Joven,100.0
2889533,Joven,100.0
2891215,Adulto,100.0
2879109,Joven,100.0
2902104,Joven,100.0
2902524,Joven,100.0
2915785,Joven,100.0
2873763,Adulto,100.0
2899241,Joven,100.0
2900313,Joven,100.0
2918627,Adulto,100.0
2904987,Joven,100.0
2903239,Joven,100.0
2905044,Joven,100.0
2912343,Joven,100.0
2870490,Joven,100.0
2895124,Joven,100.0
2873761,Joven,100.0
2886648,Joven,100.0
2912483,Joven,100.0
2914210,Joven,100.0
2909537,Joven,100.0
2883916,Joven,100.0
2885947,Joven,100.0
2871743,Joven,100.0
2914850,Adulto,100.0
2885830,Joven,100.0
2917757,Joven,100.0
2892977,Adulto,100.0
2880796,Joven,100.0
2915014,Joven,100.0
2875013,Joven,100.0
2871982,Adulto,100.0
2884803,Adulto,100.0
2881295,Joven,100.0
2902251,Joven,100.0
2912114,Joven,100.0
2886494,Joven,100.0
2912321,Joven,100.0
2908729,Joven,100.0
2894682,Joven,100.0
2877330,Joven,100.0
2873947,Joven,100.0
2919558,Joven,100.0
2881497,Joven,100.0
2919898,Joven,100.0
2892608,Joven,100.0
2912618,Joven,100.0
2904335,Joven,100.0
2870990,Joven,100.0
2883297,Joven,100.0
2878861,Adulto,100.0
2888127,Joven,100.0
2908624,Joven,100.0
2907218,Joven,100.0
2911317,Joven,100.0
2873988,Joven,100.0
2905366,Joven,100.0
2880535,Joven,100.0
2880452,Adulto,100.0
2874106,Joven,100.0
2886116,Adulto,100.0
2878974,Joven,100.0
2881424,Joven,100.0
2870819,Joven,100.0
2895977,Joven,100.0
2876554,Joven,100.0
2895548,Joven,100.0
2881978,Joven,100.0
2906994,Joven,100.0
2886560,Adulto,100.0
2898186,Joven,100.0
2879150,Joven,100.0
2907014,Adulto,100.0
2896064,Joven,100.0
2903794,Joven,100.0
2887034,Joven,100.0
2880026,Joven,100.0
2909487,Joven,100.0
2899330,Joven,100.0
2877250,Joven,100.0
2896241,Adulto,100.0
2879900,Joven,100.0
2895444,Joven,100.0
2891480,Joven,100.0
2881107,Joven,100.0
2884343,Joven,100.0
2912593,Joven,100.0
2890134,Joven,100.0
2906400,Joven,100.0
2917943,Joven,100.0
2873243,Joven,100.0
2916847,Joven,100.0
2872584,Adulto,100.0
2915917,Joven,100.0
2905251,Joven,100.0
2889074,Joven,100.0
2878743,Joven,100.0
2893645,Adulto,100.0
2901114,Adulto,100.0
2914359,Joven,100.0
2881338,Joven,100.0
2885156,Joven,100.0
2885062,Joven,100.0
2875765,Joven,100.0
2880741,Joven,100.0
2906736,Joven,100.0
2894884,Joven,100.0
2912937,Joven,100.0
2912159,Joven,100.0
2873299,Joven,100.0
2901249,Joven,100.0
2917400,Adulto,100.0
2900872,Joven,100.0
2897275,Joven,100.0
2879641,Joven,100.0
2893192,Joven,100.0
2881310,Joven,100.0
2874357,Joven,100.0
2876862,Joven,100.0
2901706,Joven,100.0
2892875,Joven,100.0
2912307,Adulto,100.0
2913602,Joven,100.0
2874978,Joven,100.0
2895355,Joven,100.0
2904234,Joven,100.0
2919343,Joven,100.0
2891232,Joven,100.0
2874101,Joven,100.0
2905935,Joven,100.0
2885445,Joven,100.0
2906912,Joven,100.0
2877672,Joven,100.0
2877691,Joven,100.0
2892320,Joven,100.0
2918401,Joven,100.0
2885771,Joven,100.0
2908667,Joven,100.0
2901496,Joven,100.0
2893713,Joven,100.0
2873816,Joven,100.0
2877124,Joven,100.0
2876054,Adulto,100.0
2913644,Joven,100.0
2872143,Joven,100.0
2896237,Joven,100.0
2870945,Joven,100.0
2891366,Joven,100.0
2882592,Joven,100.0
2919006,Joven,100.0
2885520,Joven,100.0
2883201,Joven,100.0
2880213,Joven,100.0
2913211,Adulto,100.0
2898468,Joven,100.0
2887388,Joven,100.0
2889360,Joven,100.0
2919996,Joven,100.0
2899294,Joven,100.0
2877324,Joven,100.0
2905807,Joven,100.0
2881653,Joven,100.0
2889907,Adulto,100.0
2879887,Adulto,100.0
2873018,Joven,100.0
2914869,Joven,100.0
2909852,Joven,100.0
2876236,Joven,100.0
2918786,Joven,100.0
2919112,Joven,100.0
2893132,Joven,100.0
2887455,Joven,100.0
2903785,Joven,100.0
2876468,Joven,100.0
2891507,Joven,100.0
2887518,Joven,100.0
2889758,Adulto,100.0
2892795,Joven,100.0
2907011,Joven,100.0
2877294,Joven,100.0
2888211,Joven,100.0
2879824,Joven,100.0
2900533,Joven,100.0
2897454,Joven,100.0
2878428,Joven,100.0
2907654,Joven,100.0
2912237,Joven,100.0
2912376,Joven,100.0
2870760,Adulto,100.0
2890348,Joven,100.0
2917898,Joven,100.0
2919510,Joven,100.0
2891285,Joven,100.0
2917802,Joven,100.0
2880914,Joven,100.0
2902055,Joven,100.0
2901854,Joven,100.0
2915429,Joven,100.0
2876110,Joven,100.0
2894128,Joven,100.0
2912473,Joven,100.0
2919616,Joven,100.0
2894259,Joven,100.0
2872673,Joven,100.0
2887853,Adulto,100.0
2885052,Joven,100.0
2916220,Joven,100.0
2882931,Joven,100.0
2881679,Joven,100.0
2917873,Joven,100.0
2890056,Joven,100.0
2888203,Joven,100.0
2896469,Joven,100.0
2909499,Joven,100.0
2901064,Joven,100.0
2884967,Joven,100.0
2888159,Joven,100.0
2896220,Joven,100.0
2900471,Joven,100.0
2874791,Joven,100.0
2889563,Joven,100.0
2892559,Joven,100.0
2874871,Adulto,100.0
2918641,Joven,100.0
2900006,Joven,100.0
2877595,Joven,100.0
2876168,Joven,100.0
2884979,Joven,100.0
2896099,Joven,100.0
2881348,Joven,100.0
2907353,Joven,100.0
2874362,Joven,100.0
2899870,Joven,100.0
2888874,Joven,100.0
2886485,Joven,100.0
2914998,Joven,100.0
2897188,Joven,100.0
2896052,Joven,100.0
2892163,Joven,100.0
2905997,Joven,100.0
2877697,Joven,100.0
2909947,Joven,100.0
2876815,Joven,100.0
2902174,Joven,100.0
2890096,Joven,100.0
2894628,Joven,100.0
2888513,Joven,100.0
2873918,Joven,100.0
2895553,Joven,100.0
2899308,Joven,100.0
2877582,Joven,100.0
2875703,Joven,100.0
2886255,Joven,100.0
2876669,Joven,100.0
2876817,Joven,100.0
2873127,Joven,100.0
2871338,Joven,100.0
2876764,Adulto,100.0
2870083,Joven,100.0
2878905,Joven,100.0
2885986,Joven,100.0
2900318,Joven,100.0
2911152,Adulto,100.0
2880242,Adulto,100.0
2879830,Joven,100.0
2895854,Adulto,100.0
2908775,Joven,100.0
2884423,Joven,100.0
2915261,Joven,100.0
2891804,Joven,100.0
2876800,Adulto,100.0
2882039,Joven,100.0
2899443,Joven,100.0
2880355,Joven,100.0
2906774,Joven,100.0
2880132,Joven,100.0
2901318,Joven,100.0
2870371,Joven,100.0
2896831,Joven,100.0
2877343,Joven,100.0
2909352,Joven,100.0
2874600,Joven,100.0
2875397,Joven,100.0
2889301,Joven,100.0
2890369,Joven,100.0
2871966,Joven,100.0
2908601,Joven,100.0
2909843,Joven,100.0
2885622,Joven,100.0
2873815,Joven,100.0
2909378,Joven,100.0
2893253,Joven,100.0
2899433,Joven,100.0
2914352,Joven,100.0
2910209,Joven,100.0
2881415,Joven,100.0
2891916,Joven,100.0
2902128,Joven,100.0
2886579,Joven,100.0
2894778,Joven,100.0
2881298,Adulto,100.0
2878749,Joven,100.0
2876306,Joven,100.0
2882737,Joven,100.0
2880963,Adulto,100.0
2907738,Joven,100.0
2878198,Joven,100.0
2874857,Joven,100.0
2903771,Joven,100.0
2877481,Joven,100.0
2896257,Joven,100.0
2889687,Joven,100.0
2904157,Joven,100.0
2903048,Joven,100.0
2904009,Joven,100.0
2897681,Joven,100.0
2915629,Joven,100.0
2901672,Joven,100.0
2911434,Joven,100.0
2875997,Joven,100.0
2918856,Joven,100.0
2914624,Joven,100.0
2890418,Joven,100.0
2889257,Adulto,100.0
2916789,Joven,100.0
2872868,Joven,100.0
2883590,Joven,100.0
2876598,Joven,100.0
2916869,Joven,100.0
2913058,Joven,100.0
2913550,Joven,100.0
2916942,Joven,100.0
2906609,Joven,100.0
2910580,Joven,100.0
2916238,Joven,100.0
2886226,Adulto,100.0
2887833,Joven,100.0
2881499,Joven,100.0
2907214,Adulto,100.0
2901702,Joven,100.0
2899299,Joven,100.0
2901506,Joven,100.0
2905576,Joven,100.0
2883472,Joven,100.0
2886110,Joven,100.0
2913113,Joven,100.0
2876052,Joven,100.0
2894244,Joven,100.0
2899959,Joven,100.0
2897906,Adulto,100.0
2890209,Joven,100.0
2888966,Joven,100.0
2889607,Joven,100.0
2877527,Joven,100.0
2910338,Joven,100.0
2874565,Joven,100.0
2897389,Adulto,100.0
2905636,Joven,100.0
2915892,Joven,100.0
2880343,Adulto,100.0
2916810,Joven,100.0
2908423,Joven,100.0
2882435,Adulto,100.0
2910559,Joven,100.0
2897310,Joven,100.0
2875741,Joven,100.0
2895789,Adulto,100.0
2898495,Joven,100.0
2886064,Joven,100.0
2872131,Joven,100.0
2917318,Adulto,100.0
2880712,Joven,100.0
2902035,Joven,100.0
2878525,Joven,100.0
2894243,Joven,100.0
2883701,Joven,100.0
2911405,Joven,100.0
2896093,Joven,100.0
2894284,Joven,100.0
2876272,Joven,100.0
2876594,Joven,100.0
2908026,Joven,100.0
2903403,Adulto,100.0
2888048,Joven,100.0
2905794,Joven,100.0
2880090,Adulto,100.0
2914762,Joven,100.0
2906267,Joven,100.0
2915386,Joven,100.0
2896863,Joven,100.0
2881446,Joven,100.0
2919136,Joven,100.0
2919236,Joven,100.0
2903024,Joven,100.0
2919002,Joven,100.0
2889659,Joven,100.0
2877524,Joven,100.0
2871581,Joven,100.0
2899857,Joven,100.0
2907951,Joven,100.0
2899880,Joven,100.0
2872180,Joven,100.0
2908460,Joven,100.0
2903326,Adulto,100.0
2918067,Joven,100.0
2902116,Joven,100.0
2911670,Joven,100.0
2905452,Joven,100.0
2914952,Joven,100.0
2893349,Joven,100.0
2886483,Joven,100.0
2883474,Adulto,100.0
2879188,Joven,100.0
2916187,Joven,100.0
2908972,Joven,100.0
2917960,Joven,100.0
2879428,Joven,100.0
2910670,Adulto,100.0
2893851,Joven,100.0
2917393,Joven,100.0
2903290,Joven,100.0
2917797,Joven,100.0
2903688,Joven,100.0
2890071,Joven,100.0
2901432,Adulto,100.0
2919927,Joven,100.0
2877997,Joven,100.0
2905623,Joven,100.0
2886277,Joven,100.0
2900305,Joven,100.0
2885370,Adulto,100.0
2910110,Joven,100.0
2880803,Joven,100.0
2918479,Joven,100.0
2870280,Joven,100.0
2872791,Joven,100.0
2870496,Joven,100.0
2889814,Adulto,100.0
2872601,Joven,100.0
2908875,Adulto,100.0
2913134,Joven,100.0
2911396,Joven,100.0
2871874,Joven,100.0
2911551,Joven,100.0
2903147,Joven,100.0
2877569,Joven,100.0
2887210,Joven,100.0
2903575,Joven,100.0
2873803,Joven,100.0
2903331,Joven,100.0
2895653,Joven,100.0
2889277,Joven,100.0
2872041,Joven,100.0
2880909,Joven,100.0
2895008,Joven,100.0
2876672,Joven,100.0
2902728,Joven,100.0
2871481,Joven,100.0
2882205,Joven,100.0
2898725,Joven,100.0
2880740,Joven,100.0
2910729,Joven,100.0
2913982,Joven,100.0
2911166,Joven,100.0
2896467,Joven,100.0
2908449,Joven,100.0
2915939,Joven,100.0
2900942,Adulto,100.0
2907049,Joven,100.0
2895375,Joven,100.0
2884398,Joven,100.0
2912543,Joven,100.0
2879513,Adulto,100.0
2902293,Joven,100.0
2909786,Joven,100.0
2871642,Joven,100.0
2911401,Joven,100.0
2919642,Joven,100.0
2874987,Joven,100.0
2876636,Joven,100.0
2874449,Joven,100.0
2870494,Joven,100.0
2877707,Joven,100.0
2897506,Joven,100.0
2885329,Adulto,100.0
2886087,Joven,100.0
2889978,Joven,100.0
2884451,Joven,100.0
2884864,Joven,100.0
2883551,Joven,100.0
2870395,Joven,100.0
2889764,Joven,100.0
2917144,Joven,100.0
2891043,Joven,100.0
2882705,Joven,100.0
2914641,Adulto,100.0
2886833,Joven,100.0
2906515,Adulto,100.0
2901556,Joven,100.0
2889201,Adulto,100.0
2883460,Joven,100.0
2902985,Joven,100.0
2888489,Joven,100.0
2916739,Joven,100.0
2873605,Joven,100.0
2871976,Joven,100.0
2895832,Joven,100.0
2917667,Joven,100.0
2882246,Adulto,100.0
2891212,Joven,100.0
2881568,Joven,100.0
2899906,Joven,100.0
2909132,Joven,100.0
2905317,Joven,100.0
2884713,Joven,100.0
2887667,Joven,100.0
2896721,Adulto,100.0
2916273,Joven,100.0
2895611,Joven,100.0
2916823,Joven,100.0
2910183,Joven,100.0
2904384,Joven,100.0
2913572,Joven,100.0
2884995,Adulto,100.0
2879406,Joven,100.0
2873552,Joven,100.0
2876253,Joven,100.0
2891558,Joven,100.0
2918073,Joven,100.0
2898963,Joven,100.0
2886450,Joven,100.0
2879168,Adulto,100.0
2905767,Joven,100.0
2889808,Joven,100.0
2890629,Joven,100.0
2915474,Joven,100.0
2903001,Joven,100.0
2903286,Joven,100.0
2882110,Joven,100.0
2903029,Joven,100.0
2906181,Joven,100.0
2912915,Joven,100.0
2880654,Joven,100.0
2898637,Joven,100.0
2896535,Joven,100.0
2900418,Joven,100.0
2872288,Adulto,100.0
2919341,Joven,100.0
2874483,Joven,100.0
2877253,Joven,100.0
2880394,Joven,100.0
2918185,Joven,100.0
2894275,Joven,100.0
2898569,Joven,100.0
2894880,Joven,100.0
2910515,Joven,100.0
2915521,Joven,100.0
2885297,Joven,100.0
2896550,Adulto,100.0
2877992,Adulto,100.0
2910663,Joven,100.0
2913485,Joven,100.0
2877973,Joven,100.0
2902340,Joven,100.0
2912268,Joven,100.0
2913713,Joven,100.0
2891907,Joven,100.0
2872418,Joven,100.0
2908608,Joven,100.0
2916799,Adulto,100.0
2899418,Joven,100.0
2909650,Joven,100.0
2901865,Joven,100.0
2906303,Joven,100.0
2894564,Joven,100.0
2903171,Joven,100.0
2873399,Joven,100.0
2893292,Joven,100.0
2898201,Joven,100.0
2892160,Adulto,100.0
2884381,Joven,100.0
2872666,Joven,100.0
2896385,Joven,100.0
2888438,Joven,100.0
2904880,Joven,100.0
2906667,Joven,100.0
2878790,Joven,100.0
2891481,Joven,100.0
2899350,Joven,100.0
2882129,Joven,100.0
2878945,Adulto,100.0
2896125,Joven,100.0
2895058,Joven,100.0
2880707,Joven,100.0
2894461,Joven,100.0
2872243,Joven,100.0
2916257,Joven,100.0
2878022,Joven,100.0
2872549,Joven,100.0
2884239,Joven,100.0
2875457,Joven,100.0
2885712,Joven,100.0
2878652,Adulto,100.0
2876450,Adulto,100.0
2880207,Joven,100.0
2885963,Joven,100.0
2907934,Adulto,100.0
2898635,Joven,100.0
2901674,Joven,100.0
2908447,Joven,100.0
2911818,Joven,100.0
2886126,Joven,100.0
2885290,Adulto,100.0
2919140,Joven,100.0
2913015,Joven,100.0
2893869,Joven,100.0
2911679,Joven,100.0
2888187,Joven,100.0
2874951,Joven,100.0
2903335,Joven,100.0
2887259,Adulto,100.0
2917218,Joven,100.0
2903911,Joven,100.0
2874690,Joven,100.0
2871107,Joven,100.0
2874773,Joven,100.0
2874932,Joven,100.0
2919120,Joven,100.0
2877439,Joven,100.0
2909318,Joven,100.0
2887664,Joven,100.0
2874956,Joven,100.0
2907260,Joven,100.0
2903356,Joven,100.0
2897209,Joven,100.0
2879049,Adulto,100.0
2892701,Joven,100.0
2903749,Adulto,100.0
2878581,Joven,100.0
2892308,Adulto,100.0
2907454,Joven,100.0
2918711,Joven,100.0
2903838,Adulto,100.0
2905368,Joven,100.0
2900775,Joven,100.0
2900402,Joven,100.0
2891718,Joven,100.0
2914663,Joven,100.0
2874715,Adulto,100.0
2895566,Joven,100.0
2896255,Joven,100.0
2875010,Joven,100.0
2891928,Adulto,100.0
2902284,Joven,100.0
2908769,Joven,100.0
2885238,Joven,100.0
2874617,Joven,100.0
2917516,Joven,100.0
2904965,Joven,100.0
2873046,Joven,100.0
2894044,Joven,100.0
2895811,Joven,100.0
2880357,Joven,100.0
2896619,Joven,100.0
2872952,Joven,100.0
2904925,Joven,100.0
2880767,Joven,100.0
2882852,Adulto,100.0
2893876,Joven,100.0
2914380,Joven,100.0
2882450,Joven,100.0
2872548,Joven,100.0
2919496,Joven,100.0
2880630,Joven,100.0
2877224,Joven,100.0
2881266,Joven,100.0
2914152,Joven,100.0
2882276,Joven,100.0
2903805,Joven,100.0
2885205,Joven,100.0
2883695,Joven,100.0
2909746,Joven,100.0
2882762,Joven,100.0
2912701,Joven,100.0
2906340,Adulto,100.0
2895597,Joven,100.0
2876706,Joven,100.0
2893401,Joven,100.0
2909930,Joven,100.0
2888289,Joven,100.0
2892076,Joven,100.0
2904856,Joven,100.0
2884637,Joven,100.0
2899675,Joven,100.0
2887304,Joven,100.0
2887797,Joven,100.0
2903419,Joven,100.0
2880941,Joven,100.0
2872092,Joven,100.0
2886746,Joven,100.0
2908548,Joven,100.0
2891811,Joven,100.0
2912348,Joven,100.0
2876488,Joven,100.0
2880688,Joven,100.0
2870184,Joven,100.0
2909729,Joven,100.0
2914710,Joven,100.0
2906508,Joven,100.0
2904315,Joven,100.0
2888976,Joven,100.0
2882428,Adulto,100.0
2907649,Joven,100.0
2910182,Adulto,100.0
2906165,Joven,100.0
2896113,Adulto,100.0
2904359,Joven,100.0
2890075,Joven,100.0
2873245,Joven,100.0
2889760,Adulto,100.0
2902712,Joven,100.0
2886657,Joven,100.0
2902703,Joven,100.0
2887820,Joven,100.0
2910038,Joven,100.0
2886956,Joven,100.0
2909130,Joven,100.0
2884435,Joven,100.0
2885090,Adulto,100.0
2874294,Joven,100.0
2881738,Joven,100.0
2895794,Joven,100.0
2905782,Adulto,100.0
2892201,Joven,100.0
2901968,Joven,100.0
2890729,Joven,100.0
2897210,Joven,100.0
2876677,Joven,100.0
2879130,Joven,100.0
2890116,Joven,100.0
2907902,Joven,100.0
2913448,Joven,100.0
2896968,Joven,100.0
2904868,Joven,100.0
2876012,Joven,100.0
2902367,Joven,100.0
2883482,Joven,100.0
2907132,Joven,100.0
2890756,Joven,100.0
2902362,Joven,100.0
2904604,Joven,100.0
2875238,Joven,100.0
2916369,Joven,100.0
2890202,Joven,100.0
2885051,Joven,100.0
2886468,Joven,100.0
2913762,Joven,100.0
2891750,Adulto,100.0
2898859,Joven,100.0
2919106,Joven,100.0
2900521,Joven,100.0
2885847,Joven,100.0
2919724,Joven,100.0
2879254,Joven,100.0
2886830,Joven,100.0
2916418,Joven,100.0
2893632,Adulto,100.0
2910889,Adulto,100.0
2911825,Joven,100.0
2916295,Joven,100.0
2899665,Joven,100.0
2887237,Adulto,100.0
2889366,Adulto,100.0
2893575,Adulto,100.0
2886796,Adulto,100.0
2878127,Joven,100.0
2896738,Joven,100.0
2914856,Joven,100.0
2904138,Joven,100.0
2908270,Joven,100.0
2887929,Joven,100.0
2896778,Joven,100.0
2870652,Joven,100.0
2917443,Joven,100.0
2870588,Joven,100.0
2917871,Joven,100.0
2918447,Joven,100.0
2914940,Joven,100.0
2881940,Joven,100.0
2907076,Joven,100.0
2900160,Joven,100.0
2881712,Joven,100.0
2883617,Joven,100.0
2915473,Joven,100.0
2870086,Joven,100.0
2879202,Joven,100.0
2883891,Joven,100.0
2883395,Joven,100.0
2873739,Joven,100.0
2874585,Joven,100.0
2912291,Joven,100.0
2887111,Joven,100.0
2909637,Joven,100.0
2904375,Joven,100.0
2904388,Joven,100.0
2894592,Joven,100.0
2916632,Joven,100.0
2881413,Joven,100.0
2881199,Joven,100.0
2896916,Joven,100.0
2910955,Joven,100.0
2880633,Adulto,100.0
2885474,Joven,100.0
2896488,Joven,100.0
2890768,Joven,100.0
2915831,Joven,100.0
2893554,Joven,100.0
2881605,Adulto,100.0
2870002,Joven,100.0
2878630,Joven,100.0
2885387,Joven,100.0
2899659,Joven,100.0
2903040,Joven,100.0
2888765,Joven,100.0
2898988,Joven,100.0
2904952,Joven,100.0
2914690,Joven,100.0
2919911,Joven,100.0
2914550,Joven,100.0
2916210,Joven,100.0
2879489,Joven,100.0
2873358,Joven,100.0
2903740,Joven,100.0
2897909,Joven,100.0
2883137,Joven,100.0
2917087,Joven,100.0
2907272,Joven,100.0
2874611,Joven,100.0
2908766,Joven,100.0
2901827,Joven,100.0
2902380,Joven,100.0
2880835,Joven,100.0
2904214,Joven,100.0
2897014,Joven,100.0
2907706,Joven,100.0
2913195,Joven,100.0
2918900,Adulto,100.0
2882156,Joven,100.0
2872502,Joven,100.0
2905958,Joven,100.0
2885034,Joven,100.0
2917948,Joven,100.0
2886184,Joven,100.0
2914260,Joven,100.0
2897957,Adulto,100.0
2889621,Adulto,100.0
2870446,Joven,100.0
2886180,Joven,100.0
2892442,Joven,100.0
2913335,Joven,100.0
2913831,Joven,100.0
2881056,Joven,100.0
2880142,Joven,100.0
2876564,Joven,100.0
2912908,Joven,100.0
2871935,Joven,100.0
2909585,Joven,100.0
2871554,Joven,100.0
2898414,Adulto,100.0
2915890,Joven,100.0
2899156,Joven,100.0
2919186,Joven,100.0
2906248,Joven,100.0
2914796,Joven,100.0
2892578,Joven,100.0
2916675,Joven,100.0
2896657,Joven,100.0
2875218,Joven,100.0
2895497,Joven,100.0
2879579,Joven,100.0
2899827,Joven,100.0
2901729,Joven,100.0
2895517,Joven,100.0
2902986,Joven,100.0
2884647,Joven,100.0
2877305,Joven,100.0
2904753,Adulto,100.0
2873618,Joven,100.0
2881596,Joven,100.0
2885496,Joven,100.0
2871969,Joven,100.0
2896056,Joven,100.0
2882523,Joven,100.0
2875717,Joven,100.0
2873969,Adulto,100.0
2869981,Joven,100.0
2875318,Joven,100.0
2876221,Joven,100.0
2877233,Joven,100.0
2880345,Joven,100.0
2880870,Joven,100.0
2878139,Joven,100.0
2907159,Joven,100.0
2917772,Joven,100.0
2908656,Joven,100.0
2878206,Joven,100.0
2899499,Joven,100.0
2903446,Joven,100.0
2870893,Adulto,100.0
2896997,Joven,100.0
2910487,Joven,100.0
2913117,Adulto,100.0
2899230,Joven,100.0
2901113,Joven,100.0
2871610,Joven,100.0
2875394,Joven,100.0
2875983,Joven,100.0
2873703,Joven,100.0
2909060,Adulto,100.0
2914873,Joven,100.0
2907736,Joven,100.0
2913028,Joven,100.0
2905862,Joven,100.0
2882445,Joven,100.0
2902978,Joven,100.0
2914610,Joven,100.0
2882669,Adulto,100.0
2876986,Adulto,100.0
2881335,Joven,100.0
2918617,Joven,100.0
2879423,Joven,100.0
2884217,Joven,100.0
2871634,Adulto,100.0
2896400,Joven,100.0
2888734,Joven,100.0
2891661,Joven,100.0
2881141,Joven,100.0
2879039,Joven,100.0
2907384,Joven,100.0
2887923,Joven,100.0
2919977,Adulto,100.0
2905674,Joven,100.0
2905117,Joven,100.0
2909800,Joven,100.0
2878180,Joven,100.0
2901003,Joven,100.0
2911331,Joven,100.0
2897122,Joven,100.0
2879836,Joven,100.0
2898194,Joven,100.0
2912620,Joven,100.0
2883427,Joven,100.0
2897065,Joven,100.0
2902249,Joven,100.0
2906455,Joven,100.0
2891753,Joven,100.0
2891604,Joven,100.0
2879840,Joven,100.0
2893719,Joven,100.0
2871496,Joven,100.0
2907841,Joven,100.0
2911764,Joven,100.0
2894814,Adulto,100.0
2887360,Joven,100.0
2916261,Joven,100.0
2890896,Joven,100.0
2902559,Joven,100.0
2887199,Joven,100.0
2884997,Joven,100.0
2900172,Joven,100.0
2897019,Adulto,100.0
2902960,Joven,100.0
2890053,Joven,100.0
2887847,Joven,100.0
2876393,Joven,100.0
2907318,Joven,100.0
2907904,Joven,100.0
2875834,Joven,100.0
2912621,Joven,100.0
2880101,Joven,100.0
2900844,Joven,100.0
2918410,Joven,100.0
2899233,Joven,100.0
2890545,Joven,100.0
2898835,Joven,100.0
2893153,Joven,100.0
2886504,Joven,100.0
2903465,Joven,100.0
2873068,Joven,100.0
2895031,Joven,100.0
2878448,Joven,100.0
2907312,Joven,100.0
2903793,Adulto,100.0
2886299,Joven,100.0
2911426,Joven,100.0
2876200,Joven,100.0
2919524,Joven,100.0
2871628,Joven,100.0
2900717,Joven,100.0
2895156,Joven,100.0
2911484,Joven,100.0
2905598,Joven,100.0
2875573,Joven,100.0
2878111,Joven,100.0
2899173,Joven,100.0
2886786,Joven,100.0
2883214,Joven,100.0
2887726,Joven,100.0
2873585,Joven,100.0
2908100,Joven,100.0
2907857,Joven,100.0
2911238,Joven,100.0
2888251,Joven,100.0
2900896,Joven,100.0
2871375,Joven,100.0
2887650,Adulto,100.0
2878244,Adulto,100.0
2904240,Joven,100.0
2902685,Joven,100.0
2903769,Adulto,100.0
2877071,Joven,100.0
2874717,Joven,100.0
2879295,Joven,100.0
2886117,Joven,100.0
2902202,Joven,100.0
2905007,Joven,100.0
2889605,Joven,100.0
2910149,Joven,100.0
2894433,Adulto,100.0
2870835,Adulto,100.0
2904577,Joven,100.0
2876273,Joven,100.0
2918232,Joven,100.0
2908224,Joven,100.0
2879314,Adulto,100.0
2887711,Joven,100.0
2882521,Adulto,100.0
2908225,Joven,100.0
2892264,Joven,100.0
2874660,Joven,100.0
2919445,Joven,100.0
2874529,Joven,100.0
2896013,Joven,100.0
2903763,Joven,100.0
2909884,Joven,100.0
2899254,Joven,100.0
2884875,Joven,100.0
2914711,Joven,100.0
2886189,Joven,100.0
2874790,Joven,100.0
2919037,Adulto,100.0
2897647,Joven,100.0
2875535,Joven,100.0
2875882,Joven,100.0
2890744,Joven,100.0
2907219,Joven,100.0
2873751,Joven,100.0
2911367,Adulto,100.0
2915574,Joven,100.0
2901624,Joven,100.0
2881350,Joven,100.0
2906190,Joven,100.0
2915162,Joven,100.0
2900256,Joven,100.0
2910264,Joven,100.0
2905014,Joven,100.0
2872815,Joven,100.0
2894188,Joven,100.0
2918796,Joven,100.0
2876400,Joven,100.0
2888654,Joven,100.0
2873301,Joven,100.0
2871873,Joven,100.0
2919297,Joven,100.0
2885312,Joven,100.0
2881249,Joven,100.0
2893144,Joven,100.0
2896332,Joven,100.0
2902272,Joven,100.0
2914876,Joven,100.0
2882811,Joven,100.0
2888855,Joven,100.0
2885539,Joven,100.0
2908719,Joven,100.0
2886431,Joven,100.0
2900788,Joven,100.0
2884020,Joven,100.0
2892614,Joven,100.0
2892321,Joven,100.0
2888982,Joven,100.0
2916589,Joven,100.0
2904449,Joven,100.0
2894618,Joven,100.0
2889917,Joven,100.0
2898602,Joven,100.0
2893289,Joven,100.0
2895394,Joven,100.0
2880746,Joven,100.0
2903089,Joven,100.0
2886006,Joven,100.0
2876611,Joven,100.0
2877787,Joven,100.0
2889897,Joven,100.0
2911611,Joven,100.0
2909381,Adulto,100.0
2879670,Joven,100.0
2901362,Joven,100.0
2919078,Joven,100.0
2888444,Joven,100.0
2878890,Adulto,100.0
2914372,Joven,100.0
2879929,Joven,100.0
2903083,Joven,100.0
2912952,Joven,100.0
2890623,Joven,100.0
2875570,Joven,100.0
2892477,Adulto,100.0
2914836,Joven,100.0
2882267,Adulto,100.0
2917990,Joven,100.0
2917456,Joven,100.0
2881262,Joven,100.0
2911518,Joven,100.0
2901610,Joven,100.0
2890665,Joven,100.0
2907445,Joven,100.0
2908863,Joven,100.0
2878893,Joven,100.0
2910176,Joven,100.0
2901995,Joven,100.0
2871922,Joven,100.0
2871867,Joven,100.0
2877350,Joven,100.0
2919627,Joven,100.0
2897871,Joven,100.0
2909085,Joven,100.0
2915675,Adulto,100.0
2906422,Joven,100.0
2918491,Joven,100.0
2882851,Joven,100.0
2909880,Joven,100.0
2902988,Joven,100.0
2898591,Joven,100.0
2886127,Joven,100.0
2917396,Joven,100.0
2888044,Joven,100.0
2895141,Joven,100.0
2883527,Joven,100.0
2872274,Joven,100.0
2915782,Joven,100.0
2895340,Joven,100.0
2882981,Joven,100.0
2877666,Joven,100.0
2911931,Joven,100.0
2917677,Joven,100.0
2902734,Adulto,100.0
2878855,Joven,100.0
2905760,Joven,100.0
2890280,Joven,100.0
2876522,Joven,100.0
2882441,Joven,100.0
2905306,Joven,100.0
2919129,Joven,100.0
2882272,Joven,100.0
2876124,Joven,100.0
2914483,Joven,100.0
2900496,Joven,100.0
2883031,Joven,100.0
2908480,Joven,100.0
2900630,Joven,100.0
2879120,Joven,100.0
2908147,Joven,100.0
2890039,Joven,100.0
2883872,Joven,100.0
2904720,Joven,100.0
2911139,Joven,100.0
2900283,Joven,100.0
2908385,Joven,100.0
2879136,Joven,100.0
2874386,Joven,100.0
2915069,Joven,100.0
2880320,Adulto,100.0
2895157,Adulto,100.0
2886908,Joven,100.0
2910490,Joven,100.0
2892093,Joven,100.0
2879700,Joven,100.0
2885342,Joven,100.0
2909121,Joven,100.0
2873659,Joven,100.0
2907586,Joven,100.0
2891479,Adulto,100.0
2914569,Joven,100.0
2886872,Joven,100.0
2901900,Joven,100.0
2891911,Adulto,100.0
2876838,Joven,100.0
2892918,Joven,100.0
2874698,Joven,100.0
2910157,Adulto,100.0
2909222,Joven,100.0
2897424,Adulto,100.0
2879630,Adulto,100.0
2883640,Joven,100.0
2911993,Adulto,100.0
2896174,Adulto,100.0
2877662,Joven,100.0
2919374,Joven,100.0
2880985,Joven,100.0
2912417,Joven,100.0
2914434,Joven,100.0
2875968,Joven,100.0
2870023,Joven,100.0
2883323,Joven,100.0
2880709,Joven,100.0
2907638,Joven,100.0
2874314,Adulto,100.0
2895457,Joven,100.0
2915268,Joven,100.0
2874022,Joven,100.0
2906626,Joven,100.0
2879062,Adulto,100.0
2882093,Joven,100.0
2912345,Joven,100.0
2913229,Joven,100.0
2911782,Joven,100.0
2884342,Joven,100.0
2917009,Joven,100.0
2871452,Joven,100.0
2918055,Joven,100.0
2913612,Joven,100.0
2905769,Joven,100.0
2879267,Joven,100.0
2919280,Joven,100.0
2904093,Adulto,100.0
2901250,Joven,100.0
2893466,Joven,100.0
2914827,Joven,100.0
2893314,Joven,100.0
2909024,Joven,100.0
2887059,Joven,100.0
2887334,Joven,100.0
2906390,Joven,100.0
2878497,Joven,100.0
2908054,Joven,100.0
2909160,Joven,100.0
2897395,Joven,100.0
2891600,Joven,100.0
2871143,Joven,100.0
2897234,Joven,100.0
2880321,Joven,100.0
2876175,Joven,100.0
2905977,Joven,100.0
2892087,Joven,100.0
2871838,Joven,100.0
2918104,Joven,100.0
2891405,Joven,100.0
2871276,Joven,100.0
2919903,Joven,100.0
2885609,Adulto,100.0
2897857,Joven,100.0
2893276,Joven,100.0
2892200,Joven,100.0
2892655,Joven,100.0
2901065,Joven,100.0
2877166,Adulto,100.0
2873848,Joven,100.0
2911816,Joven,100.0
2879663,Joven,100.0
2880778,Joven,100.0
2892395,Joven,100.0
2877838,Joven,100.0
2895922,Joven,100.0
2879930,Joven,100.0
2891697,Joven,100.0
2913310,Joven,100.0
2883633,Joven,100.0
2904896,Joven,100.0
2918716,Joven,100.0
2904456,Joven,100.0
2911135,Joven,100.0
2916555,Joven,100.0
2889931,Joven,100.0
2883414,Adulto,100.0
2892278,Joven,100.0
2915031,Joven,100.0
2918480,Joven,100.0
2871971,Joven,100.0
2905399,Joven,100.0
2899279,Joven,100.0
2911929,Joven,100.0
2913985,Joven,100.0
2898427,Joven,100.0
2879433,Joven,100.0
2897984,Joven,100.0
2883967,Joven,100.0
2881405,Joven,100.0
2877755,Joven,100.0
2874946,Joven,100.0
2883570,Adulto,100.0
2905466,Joven,100.0
2897619,Joven,100.0
2910829,Adulto,100.0
2904543,Joven,100.0
2915102,Joven,100.0
2885375,Joven,100.0
2885746,Joven,100.0
2912642,Joven,100.0
2879927,Joven,100.0
2891562,Joven,100.0
2916715,Joven,100.0
2887586,Joven,100.0
2875914,Joven,100.0
2905542,Joven,100.0
2889305,Adulto,100.0
2912550,Joven,100.0
2877511,Joven,100.0
2910691,Joven,100.0
2884655,Joven,100.0
2903542,Joven,100.0
2897746,Joven,100.0
2872777,Joven,100.0
2904661,Adulto,100.0
2874903,Joven,100.0
2910826,Joven,100.0
2908280,Joven,100.0
2878231,Joven,100.0
2874194,Joven,100.0
2894119,Adulto,100.0
2894739,Joven,100.0
2874528,Joven,100.0
2902961,Joven,100.0
2890795,Joven,100.0
2888779,Adulto,100.0
2906762,Joven,100.0
2919390,Joven,100.0
2902082,Joven,100.0
2896524,Adulto,100.0
2889251,Joven,100.0
2915025,Joven,100.0
2904083,Joven,100.0
2876629,Adulto,100.0
2882803,Joven,100.0
2874612,Joven,100.0
2899339,Joven,100.0
2910366,Joven,100.0
2875888,Joven,100.0
2874332,Joven,100.0
2887068,Joven,100.0
2895527,Adulto,100.0
2883758,Joven,100.0
2913830,Joven,100.0
2893981,Joven,100.0
2896769,Joven,100.0
2904992,Joven,100.0
2876462,Joven,100.0
2910266,Joven,100.0
2874066,Joven,100.0
2916038,Joven,100.0
2900913,Joven,100.0
2874587,Joven,100.0
2909602,Joven,100.0
2893769,Joven,100.0
2894056,Joven,100.0
2875392,Joven,100.0
2914671,Joven,100.0
2878844,Joven,100.0
2893003,Joven,100.0
2885224,Adulto,100.0
2874161,Joven,100.0
2911713,Joven,100.0
2878190,Joven,100.0
2893786,Joven,100.0
2873661,Joven,100.0
2879307,Joven,100.0
2871424,Joven,100.0
2903980,Joven,100.0
2897259,Adulto,100.0
2879661,Joven,100.0
2917035,Joven,100.0
2888673,Joven,100.0
2919736,Joven,100.0
2898550,Adulto,100.0
2879654,Joven,100.0
2895186,Joven,100.0
2915942,Joven,100.0
2908236,Joven,100.0
2912125,Joven,100.0
2915585,Joven,100.0
2882720,Adulto,100.0
2915824,Adulto,100.0
2909693,Joven,100.0
2879064,Joven,100.0
2901770,Joven,100.0
2909312,Joven,100.0
2892409,Joven,100.0
2902646,Joven,100.0
2899802,Adulto,100.0
2916316,Joven,100.0
2898582,Joven,100.0
2872202,Joven,100.0
2872599,Joven,100.0
2915035,Joven,100.0
2884925,Joven,100.0
2883773,Joven,100.0
2884530,Adulto,100.0
2913196,Joven,100.0
2915724,Joven,100.0
2915325,Adulto,100.0
2886191,Joven,100.0
2889243,Joven,100.0
2910771,Joven,100.0
2871967,Joven,100.0
2876262,Joven,100.0
2916407,Joven,100.0
2898769,Joven,100.0
2915766,Joven,100.0
2910181,Joven,100.0
2901345,Joven,100.0
2880552,Joven,100.0
2878145,Joven,100.0
2883775,Adulto,100.0
2907836,Joven,100.0
2893659,Joven,100.0
2875754,Joven,100.0
2905169,Joven,100.0
2870403,Joven,100.0
2882426,Joven,100.0
2899860,Joven,100.0
2897090,Adulto,100.0
2908946,Joven,100.0
2900303,Joven,100.0
2913649,Joven,100.0
2909386,Joven,100.0
2899101,Joven,100.0
2910637,Joven,100.0
2898309,Joven,100.0
2871079,Joven,100.0
2890801,Joven,100.0
2878375,Adulto,100.0
2894825,Joven,100.0
2890160,Adulto,100.0
2904170,Joven,100.0
2919201,Joven,100.0
2915895,Joven,100.0
2873857,Joven,100.0
2891321,Joven,100.0
2879970,Joven,100.0
2906289,Joven,100.0
2879696,Joven,100.0
2908806,Joven,100.0
2900964,Adulto,100.0
2894885,Joven,100.0
2888749,Joven,100.0
2916446,Joven,100.0
2906150,Joven,100.0
2891550,Adulto,100.0
2875828,Joven,100.0
2892314,Joven,100.0
2876905,Joven,100.0
2875068,Joven,100.0
2914985,Joven,100.0
2909047,Joven,100.0
2915401,Joven,100.0
2884487,Joven,100.0
2888857,Joven,100.0
2914667,Joven,100.0
2911868,Joven,100.0
2876676,Joven,100.0
2878467,Joven,100.0
2872559,Joven,100.0
2878735,Adulto,100.0
2913295,Joven,100.0
2888156,Joven,100.0
2918192,Joven,100.0
2898046,Adulto,100.0
2916862,Joven,100.0
2905494,Adulto,100.0
2913376,Joven,100.0
2883921,Joven,100.0
2878869,Joven,100.0
2873934,Joven,100.0
2898094,Joven,100.0
2875014,Joven,100.0
2881158,Joven,100.0
2875195,Joven,100.0
2888401,Joven,100.0
2913313,Adulto,100.0
2885028,Joven,100.0
2887155,Joven,100.0
2877976,Joven,100.0
2877313,Joven,100.0
2909766,Joven,100.0
2892757,Joven,100.0
2878750,Joven,100.0
2918224,Adulto,100.0
2876610,Joven,100.0
2907583,Joven,100.0
2875966,Adulto,100.0
2910317,Joven,100.0
2878992,Joven,100.0
2902329,Joven,100.0
2876780,Joven,100.0
2886080,Joven,100.0
2883980,Joven,100.0
2874181,Adulto,100.0
2896870,Adulto,100.0
2911915,Joven,100.0
2879319,Adulto,100.0
2875467,Joven,100.0
2897761,Joven,100.0
2879508,Joven,100.0
2878901,Joven,100.0
2908503,Joven,100.0
2901198,Joven,100.0
2875007,Joven,100.0
2888827,Joven,100.0
2896969,Joven,100.0
2919065,Joven,100.0
2908237,Joven,100.0
2871865,Joven,100.0
2919675,Joven,100.0
2897478,Joven,100.0
2892670,Joven,100.0
2909362,Joven,100.0
2897606,Joven,100.0
2917244,Joven,100.0
2871574,Joven,100.0
2873762,Joven,100.0
2871692,Joven,100.0
2910164,Joven,100.0
2895041,Adulto,100.0
2880126,Joven,100.0
2907269,Joven,100.0
2876494,Joven,100.0
2895127,Adulto,100.0
2887449,Joven,100.0
2902834,Joven,100.0
2891372,Joven,100.0
2917747,Joven,100.0
2901924,Joven,100.0
2888253,Joven,100.0
2871541,Joven,100.0
2906942,Adulto,100.0
2900021,Joven,100.0
2898674,Adulto,100.0
2913745,Joven,100.0
2915335,Joven,100.0
2901308,Joven,100.0
2890698,Joven,100.0
2873835,Joven,100.0
2889610,Joven,100.0
2894723,Joven,100.0
2887949,Joven,100.0
2918549,Joven,100.0
2877673,Joven,100.0
2902802,Joven,100.0
2898124,Joven,100.0
2892254,Joven,100.0
2896199,Joven,100.0
2896038,Joven,100.0
2917155,Adulto,100.0
2914739,Joven,100.0
2911408,Joven,100.0
2906351,Adulto,100.0
2896808,Joven,100.0
2897115,Joven,100.0
2874458,Joven,100.0
2888751,Joven,100.0
2913472,Joven,100.0
2907566,Joven,100.0
2889341,Joven,100.0
2896204,Joven,100.0
2918306,Joven,100.0
2893571,Joven,100.0
2888575,Joven,100.0
2877246,Joven,100.0
2901819,Joven,100.0
2883545,Adulto,100.0
2883733,Joven,100.0
2885249,Joven,100.0
2918741,Joven,100.0
2917838,Joven,100.0
2907531,Joven,100.0
2904101,Joven,100.0
2896146,Joven,100.0
2898570,Joven,100.0
2895734,Joven,100.0
2909549,Joven,100.0
2878651,Joven,100.0
2872373,Adulto,100.0
2906486,Joven,100.0
2871151,Joven,100.0
2902230,Joven,100.0
2891839,Joven,100.0
2899191,Joven,100.0
2904624,Joven,100.0
2911540,Joven,100.0
2875314,Joven,100.0
2902550,Joven,100.0
2873844,Joven,100.0
2904982,Joven,100.0
2890731,Adulto,100.0
2904973,Adulto,100.0
2872970,Joven,100.0
2910491,Joven,100.0
2884158,Joven,100.0
2873579,Joven,100.0
2919880,Adulto,100.0
2878156,Joven,100.0
2918276,Joven,100.0
2897519,Joven,100.0
2876742,Joven,100.0
2912124,Joven,100.0
2876535,Joven,100.0
2904079,Joven,100.0
2880823,Joven,100.0
2892865,Joven,100.0
2884833,Joven,100.0
2918949,Joven,100.0
2872110,Joven,100.0
2884707,Joven,100.0
2873660,Joven,100.0
2918712,Joven,100.0
2914626,Joven,100.0
2882840,Joven,100.0
2890244,Joven,100.0
2916474,Joven,100.0
2918859,Joven,100.0
2872154,Joven,100.0
2890103,Joven,100.0
2881427,Joven,100.0
2903734,Joven,100.0
2918733,Joven,100.0
2881076,Joven,100.0
2919635,Adulto,100.0
2873555,Joven,100.0
2875455,Adulto,100.0
2888940,Joven,100.0
2873607,Joven,100.0
2905902,Joven,100.0
2907460,Joven,100.0
2882296,Joven,100.0
2891245,Joven,100.0
2885340,Joven,100.0
2916431,Joven,100.0
2910520,Joven,100.0
2915011,Joven,100.0
2906592,Joven,100.0
2909745,Joven,100.0
2889281,Joven,100.0
2908717,Joven,100.0
2901830,Joven,100.0
2914659,Joven,100.0
2882384,Joven,100.0
2890764,Joven,100.0
2903560,Joven,100.0
2903434,Joven,100.0
2896336,Joven,100.0
2888285,Joven,100.0
2904109,Joven,100.0
2873334,Joven,100.0
2877573,Adulto,100.0
2919744,Joven,100.0
2890660,Joven,100.0
2905132,Joven,100.0
2915888,Joven,100.0
2879988,Joven,100.0
2889746,Adulto,100.0
2910107,Joven,100.0
2907988,Joven,100.0
2872692,Joven,100.0
2900242,Adulto,100.0
2889885,Joven,100.0
2901194,Joven,100.0
2896177,Joven,100.0
2916365,Joven,100.0
2871120,Joven,100.0
2871609,Joven,100.0
2913197,Joven,100.0
2918568,Joven,100.0
2904003,Joven,100.0
2895102,Joven,100.0
2917932,Joven,100.0
2902477,Adulto,100.0
2897661,Joven,100.0
2903947,Joven,100.0
2904306,Joven,100.0
2913854,Joven,100.0
2910676,Joven,100.0
2876938,Joven,100.0
2893985,Joven,100.0
2893392,Joven,100.0
2911906,Joven,100.0
2885069,Joven,100.0
2915710,Joven,100.0
2915454,Joven,100.0
2887887,Joven,100.0
2896770,Joven,100.0
2876819,Joven,100.0
2908897,Joven,100.0
2913665,Joven,100.0
2893397,Joven,100.0
2909755,Joven,100.0
2872198,Joven,100.0
2913875,Joven,100.0
2874615,Joven,100.0
2879018,Joven,100.0
2908797,Joven,100.0
2870731,Adulto,100.0
2919311,Joven,100.0
2890161,Joven,100.0
2898267,Joven,100.0
2878368,Joven,100.0
2895972,Joven,100.0
2897370,Joven,100.0
2881953,Joven,100.0
2885971,Joven,100.0
2875843,Joven,100.0
2917933,Joven,100.0
2891236,Joven,100.0
2899461,Joven,100.0
2874109,Joven,100.0
2915406,Joven,100.0
2875248,Joven,100.0
2910944,Joven,100.0
2917128,Joven,100.0
2908559,Joven,100.0
2918996,Joven,100.0
2900695,Joven,100.0
2882254,Joven,100.0
2916734,Joven,100.0
2889674,Joven,100.0
2890008,Joven,100.0
2891027,Joven,100.0
2881910,Joven,100.0
2885470,Joven,100.0
2879999,Joven,100.0
2910776,Joven,100.0
2872210,Joven,100.0
2881887,Joven,100.0
2888877,Joven,100.0
2874783,Joven,100.0
2896259,Joven,100.0
2911935,Joven,100.0
2897131,Joven,100.0
2881504,Joven,100.0
2903643,Joven,100.0
2900408,Joven,100.0
2908582,Joven,100.0
2916062,Joven,100.0
2903330,Joven,100.0
2897117,Joven,100.0
2904302,Joven,100.0
2913440,Adulto,100.0
2875312,Adulto,100.0
2885635,Joven,100.0
2882160,Joven,100.0
2906800,Joven,100.0
2894897,Joven,100.0
2895353,Joven,100.0
2880915,Joven,100.0
2879220,Joven,100.0
2884744,Joven,100.0
2915165,Adulto,100.0
2886327,Joven,100.0
2909127,Joven,100.0
2900748,Joven,100.0
2901743,Joven,100.0
2880287,Adulto,100.0
2881685,Joven,100.0
2900640,Joven,100.0
2903824,Joven,100.0
2877539,Joven,100.0
2880314,Adulto,100.0
2886589,Adulto,100.0
2890535,Adulto,100.0
2913355,Joven,100.0
2890524,Joven,100.0
2874338,Joven,100.0
2882800,Joven,100.0
2917702,Joven,100.0
2895145,Joven,100.0
2911014,Joven,100.0
2893849,Joven,100.0
2898751,Joven,100.0
2901333,Joven,100.0
2870150,Joven,100.0
2918833,Joven,100.0
2873237,Joven,100.0
2914611,Joven,100.0
2901443,Joven,100.0
2919638,Joven,100.0
2880365,Joven,100.0
2879216,Joven,100.0
2874522,Joven,100.0
2889267,Adulto,100.0
2917998,Joven,100.0
2890630,Joven,100.0
2900599,Joven,100.0
2919234,Joven,100.0
2879369,Joven,100.0
2884575,Joven,100.0
2895112,Joven,100.0
2893459,Joven,100.0
2915411,Joven,100.0
2903989,Joven,100.0
2913528,Joven,100.0
2881829,Joven,100.0
2872961,Joven,100.0
2877038,Joven,100.0
2897153,Joven,100.0
2889871,Joven,100.0
2907303,Joven,100.0
2897683,Joven,100.0
2913800,Joven,100.0
2909628,Adulto,100.0
2903193,Joven,100.0
2873554,Joven,100.0
2905138,Joven,100.0
2882244,Adulto,100.0
2902582,Adulto,100.0
2891712,Joven,100.0
2895685,Joven,100.0
2908003,Joven,100.0
2916923,Joven,100.0
2895843,Joven,100.0
2910480,Joven,100.0
2916747,Joven,100.0
2872683,Joven,100.0
2916464,Joven,100.0
2901846,Joven,100.0
2896911,Joven,100.0
2899398,Joven,100.0
2882527,Joven,100.0
2870111,Joven,100.0
2888541,Joven,100.0
2874218,Joven,100.0
2875005,Joven,100.0
2872232,Joven,100.0
2888257,Joven,100.0
2882183,Adulto,100.0
2872290,Joven,100.0
2905367,Joven,100.0
2912900,Joven,100.0
2917031,Joven,100.0
2877351,Joven,100.0
2916965,Adulto,100.0
2907957,Joven,100.0
2905292,Joven,100.0
2913319,Joven,100.0
2872254,Joven,100.0
2902069,Joven,100.0
2916051,Joven,100.0
2895830,Joven,100.0
2886415,Joven,100.0
2902489,Joven,100.0
2893303,Joven,100.0
2893433,Joven,100.0
2890274,Adulto,100.0
2887873,Joven,100.0
2875688,Joven,100.0
2878170,Joven,100.0
2884308,Joven,100.0
2919632,Joven,100.0
2883491,Adulto,100.0
2918801,Adulto,100.0
2912371,Joven,100.0
2916320,Joven,100.0
2894175,Joven,100.0
2874185,Joven,100.0
2894292,Joven,100.0
2915916,Joven,100.0
2873722,Joven,100.0
2906928,Joven,100.0
2881112,Joven,100.0
2911792,Joven,100.0
2880566,Joven,100.0
2908974,Joven,100.0
2919044,Joven,100.0
2877004,Joven,100.0
2875209,Adulto,100.0
2908639,Adulto,100.0
2890307,Adulto,100.0
2910093,Joven,100.0
2913736,Joven,100.0
2883437,Joven,100.0
2882635,Joven,100.0
2897248,Joven,100.0
2888701,Joven,100.0
2884267,Adulto,100.0
2916973,Adulto,100.0
2891422,Joven,100.0
2877634,Joven,100.0
2917686,Joven,100.0
2897309,Joven,100.0
2903882,Joven,100.0
2887082,Joven,100.0
2913663,Joven,100.0
2904117,Joven,100.0
2901077,Joven,100.0
2885959,Joven,100.0
2912199,Joven,100.0
2870615,Joven,100.0
2905719,Adulto,100.0
2893963,Joven,100.0
2895261,Joven,100.0
2887550,Joven,100.0
2891618,Adulto,100.0
2873106,Joven,100.0
2872405,Joven,100.0
2877232,Joven,100.0
2878927,Adulto,100.0
2903350,Adulto,100.0
2873997,Joven,100.0
2895312,Joven,100.0
2883195,Joven,100.0
2888770,Joven,100.0
2919506,Joven,100.0
2875963,Joven,100.0
2887837,Joven,100.0
2891760,Joven,100.0
2892606,Joven,100.0
2877024,Adulto,100.0
2915109,Joven,100.0
2881756,Joven,100.0
2875501,Joven,100.0
2902818,Joven,100.0
2876978,Joven,100.0
2903622,Adulto,100.0
2897948,Joven,100.0
2876520,Joven,100.0
2884594,Joven,100.0
2892683,Joven,100.0
2911116,Joven,100.0
2893189,Joven,100.0
2893072,Joven,100.0
2914787,Joven,100.0
2883661,Joven,100.0
2887450,Joven,100.0
2919777,Joven,100.0
2915047,Joven,100.0
2874816,Joven,100.0
2896568,Joven,100.0
2911729,Joven,100.0
2882288,Adulto,100.0
2871898,Joven,100.0
2888557,Joven,100.0
2897654,Joven,100.0
2871566,Joven,100.0
2875653,Joven,100.0
2875727,Joven,100.0
2903144,Adulto,100.0
2916289,Joven,100.0
2875581,Joven,100.0
2916522,Adulto,100.0
2901247,Joven,100.0
2902687,Joven,100.0
2887354,Joven,100.0
2906151,Joven,100.0
2891512,Joven,100.0
2909126,Joven,100.0
2887364,Joven,100.0
2890944,Joven,100.0
2899560,Joven,100.0
2896999,Joven,100.0
2919985,Joven,100.0
2870456,Joven,100.0
2912432,Joven,100.0
2914995,Adulto,100.0
2919361,Joven,100.0
2893209,Joven,100.0
2894881,Joven,100.0
2908597,Joven,100.0
2876622,Joven,100.0
2877345,Joven,100.0
2904986,Adulto,100.0
2910032,Joven,100.0
2904160,Joven,100.0
2913920,Joven,100.0
2897455,Joven,100.0
2916346,Joven,100.0
2897860,Joven,100.0
2900897,Adulto,100.0
2903145,Joven,100.0
2879889,Joven,100.0
2888628,Joven,100.0
2884179,Adulto,100.0
2910725,Joven,100.0
2892801,Joven,100.0
2910830,Adulto,100.0
2914211,Joven,100.0
2889731,Joven,100.0
2904684,Joven,100.0
2906887,Joven,100.0
2892729,Adulto,100.0
2880679,Joven,100.0
2900351,Joven,100.0
2910502,Joven,100.0
2919495,Joven,100.0
2885037,Adulto,100.0
2875017,Joven,100.0
2914111,Joven,100.0
2889986,Joven,100.0
2911681,Joven,100.0
2885582,Joven,100.0
2888826,Joven,100.0
2886045,Adulto,100.0
2872114,Joven,100.0
2894673,Joven,100.0
2888377,Joven,100.0
2919595,Joven,100.0
2895204,Joven,100.0
2914644,Joven,100.0
2890087,Joven,100.0
2917839,Joven,100.0
2873108,Joven,100.0
2890472,Joven,100.0
2872966,Joven,100.0
2872341,Joven,100.0
2879343,Joven,100.0
2891843,Joven,100.0
2912366,Joven,100.0
2879834,Joven,100.0
2906144,Adulto,100.0
2885429,Joven,100.0
2910802,Joven,100.0
2894099,Adulto,100.0
2870412,Joven,100.0
2888738,Joven,100.0
2919801,Joven,100.0
2918159,Joven,100.0
2909055,Joven,100.0
2905954,Joven,100.0
2871193,Joven,100.0
2902571,Joven,100.0
2881195,Joven,100.0
2876901,Joven,100.0
2891006,Joven,100.0
2909865,Joven,100.0
2910734,Joven,100.0
2897319,Joven,100.0
2906930,Joven,100.0
2888829,Joven,100.0
2913434,Joven,100.0
2871064,Joven,100.0
2904746,Joven,100.0
2872476,Joven,100.0
2918332,Joven,100.0
2878628,Joven,100.0
2877920,Joven,100.0
2876516,Joven,100.0
2911603,Adulto,100.0
2874007,Joven,100.0
2898479,Adulto,100.0
2915897,Joven,100.0
2916489,Joven,100.0
2902882,Joven,100.0
2914807,Adulto,100.0
2901081,Joven,100.0
2911342,Joven,100.0
2893389,Joven,100.0
2891879,Joven,100.0
2872639,Joven,100.0
2915285,Joven,100.0
2872861,Joven,100.0
2872737,Joven,100.0
2902927,Adulto,100.0
2914679,Joven,100.0
2903502,Joven,100.0
2872256,Adulto,100.0
2912320,Joven,100.0
2917930,Joven,100.0
2870846,Adulto,100.0
2912568,Adulto,100.0
2886528,Joven,100.0
2904155,Joven,100.0
2895509,Adulto,100.0
2894471,Joven,100.0
2887506,Joven,100.0
2910994,Joven,100.0
2906363,Adulto,100.0
2872422,Joven,100.0
2881895,Joven,100.0
2887577,Joven,100.0
2911172,Joven,100.0
2917364,Joven,100.0
2909574,Joven,100.0
2904887,Joven,100.0
2903259,Joven,100.0
2890267,Joven,100.0
2881776,Joven,100.0
2904629,Joven,100.0
2874803,Joven,100.0
2872208,Joven,100.0
2892454,Joven,100.0
2888680,Joven,100.0
2879868,Joven,100.0
2879770,Joven,100.0
2916009,Joven,100.0
2910707,Joven,100.0
2892134,Joven,100.0
2893532,Joven,100.0
2870659,Joven,100.0
2896002,Joven,100.0
2914137,Joven,100.0
2873624,Joven,100.0
2910620,Joven,100.0
2888272,Joven,100.0
2911419,Joven,100.0
2910324,Joven,100.0
2904336,Joven,100.0
2871288,Joven,100.0
2896943,Joven,100.0
2899437,Joven,100.0
2900019,Joven,100.0
2900182,Adulto,100.0
2897797,Joven,100.0
2873985,Adulto,100.0
2876218,Joven,100.0
2887018,Joven,100.0
2915095,Adulto,100.0
2902953,Joven,100.0
2872437,Joven,100.0
2875513,Joven,100.0
2915607,Joven,100.0
2878951,Joven,100.0
2886499,Joven,100.0
2903067,Adulto,100.0
2893098,Joven,100.0
2878988,Adulto,100.0
2918875,Joven,100.0
2901660,Joven,100.0
2912938,Joven,100.0
2912075,Joven,100.0
2871454,Joven,100.0
2901230,Joven,100.0
2880928,Adulto,100.0
2902414,Joven,100.0
2887916,Joven,100.0
2909859,Joven,100.0
2892580,Joven,100.0
2892350,Joven,100.0
2901080,Joven,100.0
2870193,Joven,100.0
2915512,Adulto,100.0
2919337,Joven,100.0
2899899,Joven,100.0
2910471,Joven,100.0
2902052,Joven,100.0
2882638,Joven,100.0
2903569,Joven,100.0
2914378,Joven,100.0
2878975,Joven,100.0
2876921,Joven,100.0
2891976,Joven,100.0
2909235,Joven,100.0
2876777,Joven,100.0
2891478,Adulto,100.0
2882404,Joven,100.0
2878655,Joven,100.0
2891612,Adulto,100.0
2896744,Joven,100.0
2919420,Joven,100.0
2886174,Joven,100.0
2878999,Joven,100.0
2895291,Joven,100.0
2918608,Joven,100.0
2885178,Joven,100.0
2875621,Joven,100.0
2884074,Joven,100.0
2884073,Joven,100.0
2881325,Joven,100.0
2889883,Joven,100.0
2890822,Adulto,100.0
2894586,Joven,100.0
2874731,Joven,100.0
2873113,Joven,100.0
2905763,Joven,100.0
2912661,Joven,100.0
2912830,Adulto,100.0
2912264,Joven,100.0
2895859,Joven,100.0
2904560,Joven,100.0
2888355,Joven,100.0
2875788,Joven,100.0
2919574,Joven,100.0
2907177,Joven,100.0
2902143,Adulto,100.0
2905500,Joven,100.0
2914809,Adulto,100.0
2878572,Joven,100.0
2903662,Joven,100.0
2897765,Adulto,100.0
2899412,Joven,100.0
2870928,Joven,100.0
2892971,Adulto,100.0
2892347,Joven,100.0
2874795,Joven,100.0
2894288,Joven,100.0
2875143,Joven,100.0
2892027,Adulto,100.0
2872266,Joven,100.0
2915530,Joven,100.0
2895953,Joven,100.0
2901034,Joven,100.0
2899627,Joven,100.0
2909379,Joven,100.0
2872924,Joven,100.0
2920000,Joven,100.0
2890879,Joven,100.0
2882422,Joven,100.0
2899945,Joven,100.0
2915843,Joven,100.0
2871731,Joven,100.0
2886869,Joven,100.0
2882217,Joven,100.0
2910297,Joven,100.0
2916681,Adulto,100.0
2910508,Adulto,100.0
2894419,Joven,100.0
2878367,Joven,100.0
2918745,Adulto,100.0
2872475,Joven,100.0
2899937,Adulto,100.0
2916052,Joven,100.0
2879069,Joven,100.0
2871785,Joven,100.0
2904464,Adulto,100.0
2914347,Joven,100.0
2896282,Joven,100.0
2902446,Joven,100.0
2885531,Joven,100.0
2909817,Joven,100.0
2918363,Joven,100.0
2870751,Joven,100.0
2882451,Joven,100.0
2876097,Joven,100.0
2901503,Joven,100.0
2889159,Joven,100.0
2911492,Joven,100.0
2887685,Joven,100.0
2901975,Adulto,100.0
2912904,Joven,100.0
2911052,Joven,100.0
2882185,Joven,100.0
2899070,Adulto,100.0
2879118,Adulto,100.0
2909101,Joven,100.0
2918781,Joven,100.0
2881962,Joven,100.0
2907779,Joven,100.0
2904975,Adulto,100.0
2905574,Joven,100.0
2899573,Joven,100.0
2891078,Joven,100.0
2873472,Joven,100.0
2908827,Joven,100.0
2889371,Joven,100.0
2887591,Joven,100.0
2898078,Joven,100.0
2908398,Joven,100.0
2886890,Joven,100.0
2881661,Joven,100.0
2909976,Joven,100.0
2912892,Joven,100.0
2907435,Joven,100.0
2876073,Joven,100.0
2903892,Joven,100.0
2888690,Joven,100.0
2896842,Joven,100.0
2885624,Joven,100.0
2903602,Joven,100.0
2902437,Joven,100.0
2910203,Joven,100.0
2916583,Joven,100.0
2889411,Joven,100.0
2891015,Joven,100.0
2894859,Joven,100.0
2886171,Adulto,100.0
2874173,Joven,100.0
2898697,Joven,100.0
2880761,Joven,100.0
2873041,Joven,100.0
2904501,Joven,100.0
2913359,Joven,100.0
2884989,Joven,100.0
2872431,Joven,100.0
2919387,Joven,100.0
2911883,Adulto,100.0
2906393,Joven,100.0
2907790,Joven,100.0
2904634,Joven,100.0
2912711,Joven,100.0
2895160,Joven,100.0
2918964,Adulto,100.0
2907558,Joven,100.0
2871210,Joven,100.0
2872934,Joven,100.0
2919019,Joven,100.0
2884118,Joven,100.0
2907711,Adulto,100.0
2879344,Joven,100.0
2875719,Joven,100.0
2890677,Joven,100.0
2891323,Joven,100.0
2891516,Joven,100.0
2883932,Joven,100.0
2911960,Joven,100.0
2872535,Joven,100.0
2895512,Joven,100.0
2918241,Joven,100.0
2880826,Joven,100.0
2907255,Joven,100.0
2894952,Joven,100.0
2889655,Joven,100.0
2917603,Adulto,100.0
2880460,Joven,100.0
2877097,Joven,100.0
2916859,Joven,100.0
2887482,Joven,100.0
2899908,Joven,100.0
2870272,Joven,100.0
2898696,Joven,100.0
2889377,Joven,100.0
2904087,Joven,100.0
2914976,Adulto,100.0
2903250,Joven,100.0
2899479,Adulto,100.0
2895361,Joven,100.0
2878603,Joven,100.0
2885694,Joven,100.0
2890550,Joven,100.0
2888217,Joven,100.0
2871569,Joven,100.0
2906321,Joven,100.0
2918269,Joven,100.0
2909982,Joven,100.0
2891307,Joven,100.0
2911451,Adulto,100.0
2878787,Joven,100.0
2900091,Joven,100.0
2918663,Joven,100.0
2877264,Joven,100.0
2917059,Joven,100.0
2878866,Joven,100.0
2877791,Joven,100.0
2879862,Joven,100.0
2891522,Adulto,100.0
2879195,Joven,100.0
2904819,Joven,100.0
2895622,Joven,100.0
2909104,Joven,100.0
2899389,Joven,100.0
2896867,Joven,100.0
2890632,Joven,100.0
2886548,Joven,100.0
2883930,Joven,100.0
2900407,Joven,100.0
2904389,Joven,100.0
2919055,Joven,100.0
2905662,Joven,100.0
2884152,Adulto,100.0
2901510,Joven,100.0
2914607,Adulto,100.0
2906099,Joven,100.0
2885666,Joven,100.0
2890549,Adulto,100.0
2879947,Joven,100.0
2881256,Joven,100.0
2885132,Joven,100.0
2894403,Joven,100.0
2895320,Joven,100.0
2900495,Joven,100.0
2897254,Joven,100.0
2891574,Joven,100.0
2908885,Joven,100.0
2900476,Joven,100.0
2906768,Adulto,100.0
2887140,Joven,100.0
2873191,Joven,100.0
2872994,Joven,100.0
2871340,Joven,100.0
2878483,Joven,100.0
2906869,Joven,100.0
2886398,Joven,100.0
2904641,Joven,100.0
2873957,Adulto,100.0
2870677,Joven,100.0
2884270,Joven,100.0
2909171,Joven,100.0
2871818,Joven,100.0
2895744,Joven,100.0
2906173,Joven,100.0
2895649,Joven,100.0
2919502,Joven,100.0
2899569,Joven,100.0
2901943,Joven,100.0
2888847,Joven,100.0
2880943,Joven,100.0
2918842,Joven,100.0
2896693,Adulto,100.0
2882235,Joven,100.0
2898975,Joven,100.0
2910187,Joven,100.0
2874233,Joven,100.0
2872414,Adulto,100.0
2916175,Joven,100.0
2890057,Joven,100.0
2910232,Joven,100.0
2895395,Adulto,100.0
2889221,Joven,100.0
2917167,Joven,100.0
2894954,Joven,100.0
2870546,Joven,100.0
2883666,Joven,100.0
2875537,Joven,100.0
2878094,Joven,100.0
2884810,Joven,100.0
2880871,Joven,100.0
2871706,Joven,100.0
2900827,Joven,100.0
2902231,Joven,100.0
2890654,Joven,100.0
2919087,Joven,100.0
2902373,Joven,100.0
2911849,Joven,100.0
2871923,Joven,100.0
2873189,Adulto,100.0
2895094,Joven,100.0
2874248,Joven,100.0
2874562,Joven,100.0
2911861,Joven,100.0
2913052,Joven,100.0
2872278,Joven,100.0
2909124,Joven,100.0
2897804,Joven,100.0
2907943,Joven,100.0
2909925,Adulto,100.0
2916010,Joven,100.0
2870362,Adulto,100.0
2877797,Joven,100.0
2906282,Joven,100.0
2895487,Joven,100.0
2900977,Joven,100.0
2902269,Joven,100.0
2878929,Joven,100.0
2912785,Joven,100.0
2874345,Joven,100.0
2875190,Joven,100.0
2888570,Joven,100.0
2911546,Joven,100.0
2911806,Joven,100.0
2909081,Joven,100.0
2907478,Joven,100.0
2870243,Joven,100.0
2890763,Joven,100.0
2887315,Joven,100.0
2897618,Joven,100.0
2879172,Joven,100.0
2871705,Joven,100.0
2904187,Joven,100.0
2887548,Joven,100.0
2888050,Joven,100.0
2886065,Joven,100.0
2880051,Joven,100.0
2876048,Joven,100.0
2907192,Joven,100.0
2893514,Joven,100.0
2911442,Adulto,100.0
2915354,Joven,100.0
2910298,Joven,100.0
2912757,Joven,100.0
2906632,Joven,100.0
2902159,Joven,100.0
2873795,Joven,100.0
2884697,Joven,100.0
2914560,Joven,100.0
2906413,Joven,100.0
2910834,Joven,100.0
2886133,Adulto,100.0
2892996,Joven,100.0
2874513,Joven,100.0
2893210,Joven,100.0
2880293,Joven,100.0
2879496,Joven,100.0
2886620,Joven,100.0
2871251,Joven,100.0
2874216,Adulto,100.0
2919576,Joven,100.0
2897053,Joven,100.0
2888305,Joven,100.0
2903552,Joven,100.0
2878071,Joven,100.0
2915160,Joven,100.0
2883631,Joven,100.0
2899621,Joven,100.0
2889401,Joven,100.0
2907726,Joven,100.0
2899808,Joven,100.0
2914845,Joven,100.0
2872357,Joven,100.0
2918727,Joven,100.0
2883841,Adulto,100.0
2888093,Joven,100.0
2918391,Joven,100.0
2908456,Joven,100.0
2900457,Joven,100.0
2898298,Joven,100.0
2895078,Joven,100.0
2892029,Joven,100.0
2881838,Adulto,100.0
2899901,Joven,100.0
2903397,Adulto,100.0
2873600,Joven,100.0
2896992,Joven,100.0
2872384,Joven,100.0
2911771,Joven,100.0
2896473,Joven,100.0
2887641,Joven,100.0
2906506,Joven,100.0
2917848,Joven,100.0
2874423,Adulto,100.0
2914309,Joven,100.0
2878295,Joven,100.0
2912319,Joven,100.0
2916380,Joven,100.0
2881149,Joven,100.0
2878216,Joven,100.0
2898542,Joven,100.0
2874992,Joven,100.0
2900067,Joven,100.0
2912834,Joven,100.0
2894914,Joven,100.0
2904146,Adulto,100.0
2907153,Adulto,100.0
2874293,Joven,100.0
2913333,Joven,100.0
2905187,Joven,100.0
2899344,Joven,100.0
2904729,Joven,100.0
2880821,Joven,100.0
2900492,Joven,100.0
2879178,Joven,100.0
2889842,Joven,100.0
2908402,Joven,100.0
2897583,Joven,100.0
2879407,Joven,100.0
2898850,Joven,100.0
2904060,Joven,100.0
2876117,Joven,100.0
2894466,Joven,100.0
2877311,Joven,100.0
2875430,Joven,100.0
2895637,Joven,100.0
2909649,Joven,100.0
2910977,Joven,100.0
2908295,Joven,100.0
2885111,Joven,100.0
2895203,Joven,100.0
2887142,Joven,100.0
2909550,Joven,100.0
2877393,Adulto,100.0
2883302,Joven,100.0
2880725,Joven,100.0
2896296,Joven,100.0
2915841,Adulto,100.0
2907204,Joven,100.0
2896962,Joven,100.0
2911145,Joven,100.0
2874806,Adulto,100.0
2910387,Joven,100.0
2881900,Joven,100.0
2870878,Joven,100.0
2918532,Joven,100.0
2891013,Joven,100.0
2876813,Joven,100.0
2897280,Joven,100.0
2900755,Joven,100.0
2887583,Joven,100.0
2881732,Joven,100.0
2887114,Joven,100.0
2903183,Adulto,100.0
2885208,Joven,100.0
2907074,Joven,100.0
2894639,Adulto,100.0
2883081,Joven,100.0
2877195,Joven,100.0
2917652,Joven,100.0
2909805,Joven,100.0
2907389,Joven,100.0
2875445,Joven,100.0
2878472,Joven,100.0
2901855,Joven,100.0
2883077,Adulto,100.0
2876191,Joven,100.0
2917484,Joven,100.0
2915042,Joven,100.0
2911505,Adulto,100.0
2892251,Joven,100.0
2917154,Joven,100.0
2882090,Joven,100.0
2882716,Joven,100.0
2875913,Joven,100.0
2909356,Joven,100.0
2895311,Joven,100.0
2908090,Joven,100.0
2887568,Joven,100.0
2909193,Adulto,100.0
2898788,Joven,100.0
2906385,Joven,100.0
2914613,Joven,100.0
2902773,Joven,100.0
2870766,Joven,100.0
2882886,Joven,100.0
2894023,Adulto,100.0
2879179,Joven,100.0
2895906,Joven,100.0
2879315,Joven,100.0
2886979,Joven,100.0
2909482,Adulto,100.0
2903045,Joven,100.0
2908658,Joven,100.0
2885988,Joven,100.0
2877636,Joven,100.0
2882385,Joven,100.0
2895833,Joven,100.0
2871734,Joven,100.0
2882193,Adulto,100.0
2875266,Adulto,100.0
2870039,Joven,100.0
2899378,Joven,100.0
2918450,Joven,100.0
2918278,Joven,100.0
2887193,Joven,100.0
2902920,Joven,100.0
2897252,Joven,100.0
2902064,Joven,100.0
2873938,Joven,100.0
2906138,Joven,100.0
2911641,Joven,100.0
2897329,Joven,100.0
2911665,Joven,100.0
2904759,Joven,100.0
2912941,Joven,100.0
2885038,Joven,100.0
2904832,Joven,100.0
2915510,Joven,100.0
2882969,Joven,100.0
2878275,Joven,100.0
2915091,Joven,100.0
2880381,Adulto,100.0
2874874,Adulto,100.0
2891234,Joven,100.0
2919268,Joven,100.0
2888381,Joven,100.0
2891876,Joven,100.0
2876332,Joven,100.0
2886185,Joven,100.0
2888348,Joven,100.0
2916094,Joven,100.0
2905618,Joven,100.0
2870524,Joven,100.0
2887925,Joven,100.0
2918347,Joven,100.0
2909187,Joven,100.0
2905856,Joven,100.0
2873880,Joven,100.0
2888484,Joven,100.0
2912215,Adulto,100.0
2898386,Joven,100.0
2882983,Joven,100.0
2912738,Joven,100.0
2883947,Joven,100.0
2910679,Joven,100.0
2918437,Joven,100.0
2915018,Adulto,100.0
2897308,Joven,100.0
2915864,Joven,100.0
2878013,Joven,100.0
2892197,Joven,100.0
2887530,Joven,100.0
2884889,Joven,100.0
2893949,Joven,100.0
2895890,Joven,100.0
2871417,Joven,100.0
2889528,Joven,100.0
2872026,Joven,100.0
2890175,Joven,100.0
2884175,Joven,100.0
2897291,Joven,100.0
2903488,Joven,100.0
2876734,Joven,100.0
2899640,Adulto,100.0
2883929,Joven,100.0
2915277,Joven,100.0
2887075,Joven,100.0
2894930,Joven,100.0
2885564,Joven,100.0
2884536,Joven,100.0
2893037,Joven,100.0
2913243,Joven,100.0
2879943,Joven,100.0
2879088,Adulto,100.0
2881327,Joven,100.0
2919363,Joven,100.0
2895260,Joven,100.0
2876973,Joven,100.0
2887494,Joven,100.0
2919950,Adulto,100.0
2899074,Joven,100.0
2902541,Adulto,100.0
2877507,Joven,100.0
2872409,Joven,100.0
2896262,Joven,100.0
2916929,Joven,100.0
2890563,Joven,100.0
2897321,Adulto,100.0
2914572,Joven,100.0
2900503,Joven,100.0
2884879,Joven,100.0
2903360,Joven,100.0
2919026,Joven,100.0
2889393,Joven,100.0
2870273,Joven,100.0
2900567,Joven,100.0
2902752,Joven,100.0
2913585,Joven,100.0
2884324,Joven,100.0
2889620,Joven,100.0
2894079,Joven,100.0
2900334,Joven,100.0
2916638,Joven,100.0
2880955,Joven,100.0
2877214,Joven,100.0
2906569,Joven,100.0
2911577,Joven,100.0
2897007,Joven,100.0
2902473,Joven,100.0
2878364,Joven,100.0
2896512,Joven,100.0
2899776,Joven,100.0
2915130,Joven,100.0
2905289,Joven,100.0
2888120,Joven,100.0
2892516,Joven,100.0
2919610,Joven,100.0
2888312,Joven,100.0
2913648,Joven,100.0
2908834,Joven,100.0
2895241,Joven,100.0
2872752,Joven,100.0
2881628,Adulto,100.0
2876583,Joven,100.0
2878784,Joven,100.0
2900846,Joven,100.0
2903720,Joven,100.0
2905826,Joven,100.0
2889820,Joven,100.0
2899483,Adulto,100.0
2871229,Adulto,100.0
2917368,Joven,100.0
2886114,Adulto,100.0
2876550,Adulto,100.0
2898076,Joven,100.0
2874577,Joven,100.0
2900675,Joven,100.0
2904631,Joven,100.0
2916572,Joven,100.0
2895333,Joven,100.0
2884027,Joven,100.0
2888609,Joven,100.0
2916240,Joven,100.0
2900940,Joven,100.0
2881762,Joven,100.0
2874945,Adulto,100.0
2878405,Joven,100.0
2909944,Joven,100.0
2885598,Joven,100.0
2910540,Joven,100.0
2897440,Joven,100.0
2872838,Joven,100.0
2911394,Joven,100.0
2904347,Joven,100.0
2904145,Joven,100.0
2915356,Joven,100.0
2894251,Joven,100.0
2891535,Adulto,100.0
2899497,Joven,100.0
2886816,Joven,100.0
2895332,Joven,100.0
2893146,Joven,100.0
2910446,Joven,100.0
2916157,Joven,100.0
2888123,Joven,100.0
2890671,Joven,100.0
2905841,Joven,100.0
2908279,Joven,100.0
2873829,Joven,100.0
2913769,Joven,100.0
2894938,Adulto,100.0
2901964,Joven,100.0
2879322,Joven,100.0
2911413,Joven,100.0
2870320,Adulto,100.0
2910510,Joven,100.0
2881995,Joven,100.0
2919041,Joven,100.0
2878187,Joven,100.0
2912429,Joven,100.0
2892763,Joven,100.0
2913864,Joven,100.0
2876668,Joven,100.0
2906715,Joven,100.0
2902212,Adulto,100.0
2884441,Joven,100.0
2902332,Joven,100.0
2888755,Joven,100.0
2889063,Joven,100.0
2895001,Joven,100.0
2901919,Joven,100.0
2899979,Joven,100.0
2893398,Joven,100.0
2915669,Joven,100.0
2910999,Joven,100.0
2899229,Joven,100.0
2916245,Joven,100.0
2902908,Joven,100.0
2884731,Joven,100.0
2900150,Joven,100.0
2889572,Joven,100.0
2909108,Joven,100.0
2905611,Adulto,100.0
2886324,Adulto,100.0
2915041,Joven,100.0
2886797,Joven,100.0
2875687,Joven,100.0
2902289,Joven,100.0
2889589,Joven,100.0
2888431,Adulto,100.0
2895782,Joven,100.0
2887416,Joven,100.0
2897674,Joven,100.0
2887064,Joven,100.0
2916689,Joven,100.0
2895960,Joven,100.0
2880229,Joven,100.0
2908552,Joven,100.0
2882187,Joven,100.0
2896768,Joven,100.0
2911902,Joven,100.0
2876828,Adulto,100.0
2882640,Adulto,100.0
2887626,Joven,100.0
2884921,Joven,100.0
2870425,Joven,100.0
2890095,Joven,100.0
2890421,Joven,100.0
2900602,Joven,100.0
2884772,Joven,100.0
2875435,Joven,100.0
2898541,Joven,100.0
2901398,Joven,100.0
2892690,Joven,100.0
2876916,Joven,100.0
2882898,Joven,100.0
2883819,Joven,100.0
2911601,Joven,100.0
2893093,Joven,100.0
2874560,Joven,100.0
2899942,Joven,100.0
2898235,Joven,100.0
2880255,Joven,100.0
2878932,Joven,100.0
2904279,Joven,100.0
2876681,Joven,100.0
2910947,Joven,100.0
2892285,Joven,100.0
2893576,Joven,100.0
2914883,Joven,100.0
2910594,Joven,100.0
2885432,Joven,100.0
2901456,Joven,100.0
2917742,Joven,100.0
2902715,Joven,100.0
2919303,Joven,100.0
2872771,Joven,100.0
2883623,Joven,100.0
2871220,Joven,100.0
2877925,Joven,100.0
2879997,Joven,100.0
2903383,Adulto,100.0
2894058,Joven,100.0
2901452,Joven,100.0
2885887,Joven,100.0
2896985,Joven,100.0
2919328,Joven,100.0
2876313,Joven,100.0
2882233,Joven,100.0
2902850,Joven,100.0
2897047,Adulto,100.0
2892524,Joven,100.0
2876697,Joven,100.0
2918071,Joven,100.0
2871529,Adulto,100.0
2900886,Joven,100.0
2917425,Adulto,100.0
2913673,Joven,100.0
2888471,Joven,100.0
2891147,Adulto,100.0
2892280,Joven,100.0
2889522,Joven,100.0
2899482,Joven,100.0
2918370,Adulto,100.0
2875666,Joven,100.0
2908436,Joven,100.0
2878903,Adulto,100.0
2883684,Joven,100.0
2870326,Joven,100.0
2872215,Joven,100.0
2894423,Joven,100.0
2894579,Joven,100.0
2870306,Joven,100.0
2874335,Joven,100.0
2881676,Joven,100.0
2880021,Joven,100.0
2899615,Joven,100.0
2879984,Joven,100.0
2880765,Adulto,100.0
2883411,Joven,100.0
2887209,Joven,100.0
2906823,Joven,100.0
2880313,Joven,100.0
2917850,Joven,100.0
2901978,Joven,100.0
2886738,Joven,100.0
2898058,Joven,100.0
2888968,Joven,100.0
2875425,Joven,100.0
2879615,Joven,100.0
2914329,Joven,100.0
2889052,Joven,100.0
2909564,Joven,100.0
2893157,Joven,100.0
2917210,Joven,100.0
2903860,Joven,100.0
2880137,Joven,100.0
2870857,Joven,100.0
2895966,Joven,100.0
2916866,Joven,100.0
2919636,Adulto,100.0
2906717,Joven,100.0
2890314,Joven,100.0
2893409,Joven,100.0
2880997,Joven,100.0
2880462,Joven,100.0
2879714,Joven,100.0
2888012,Joven,100.0
2889420,Joven,100.0
2885150,Joven,100.0
2876561,Joven,100.0
2887110,Joven,100.0
2893720,Joven,100.0
2919573,Joven,100.0
2893916,Adulto,100.0
2886039,Joven,100.0
2902163,Joven,100.0
2877352,Joven,100.0
2892357,Joven,100.0
2913691,Joven,100.0
2916709,Joven,100.0
2891634,Joven,100.0
2876449,Joven,100.0
2910190,Joven,100.0
2874557,Joven,100.0
2913657,Joven,100.0
2882672,Joven,100.0
2917286,Joven,100.0
2870439,Joven,100.0
2874714,Joven,100.0
2889180,Joven,100.0
2891953,Joven,100.0
2901502,Joven,100.0
2917169,Joven,100.0
2899816,Adulto,100.0
2880439,Adulto,100.0
2910282,Joven,100.0
2913878,Joven,100.0
2898138,Joven,100.0
2892770,Joven,100.0
2877174,Joven,100.0
2914939,Joven,100.0
2884909,Joven,100.0
2884004,Joven,100.0
2916296,Joven,100.0
2901614,Joven,100.0
2915913,Joven,100.0
2913888,Joven,100.0
2909881,Joven,100.0
2890912,Joven,100.0
2880653,Joven,100.0
2870391,Adulto,100.0
2899043,Joven,100.0
2916435,Joven,100.0
2893756,Joven,100.0
2891985,Joven,100.0
2896119,Joven,100.0
2891792,Joven,100.0
2909711,Joven,100.0
2886135,Joven,100.0
2909572,Joven,100.0
2902521,Joven,100.0
2874652,Adulto,100.0
2901997,Joven,100.0
2881016,Joven,100.0
2899170,Joven,100.0
2872439,Joven,100.0
2874832,Joven,100.0
2909876,Joven,100.0
2914880,Adulto,100.0
2873582,Joven,100.0
2899634,Joven,100.0
2911831,Joven,100.0
2889055,Adulto,100.0
2894667,Adulto,100.0
2912591,Joven,100.0
2895330,Joven,100.0
2899050,Joven,100.0
2893703,Joven,100.0
2897866,Joven,100.0
2884012,Joven,100.0
2905863,Adulto,100.0
2883188,Joven,100.0
2874839,Joven,100.0
2913697,Joven,100.0
2906564,Joven,100.0
2899867,Joven,100.0
2890145,Joven,100.0
2874999,Joven,100.0
2919670,Adulto,100.0
2887299,Joven,100.0
2871724,Joven,100.0
2897737,Joven,100.0
2878769,Joven,100.0
2913555,Joven,100.0
2889568,Joven,100.0
2873445,Joven,100.0
2894623,Joven,100.0
2896952,Joven,100.0
2894548,Adulto,100.0
2893430,Joven,100.0
2917698,Joven,100.0
2875498,Joven,100.0
2903674,Joven,100.0
2892016,Joven,100.0
2895763,Adulto,100.0
2900646,Joven,100.0
2892065,Adulto,100.0
2885552,Joven,100.0
2879278,Joven,100.0
2890821,Joven,100.0
2905563,Joven,100.0
2891870,Joven,100.0
2915987,Joven,100.0
2883577,Joven,100.0
2877771,Joven,100.0
2892785,Joven,100.0
2888747,Joven,100.0
2910143,Joven,100.0
2885670,Joven,100.0
2908164,Joven,100.0
2876950,Adulto,100.0
2919695,Joven,100.0
2877368,Joven,100.0
2872786,Joven,100.0
2915331,Joven,100.0
2903237,Joven,100.0
2904370,Joven,100.0
2905011,Adulto,100.0
2876966,Joven,100.0
2902896,Joven,100.0
2877657,Joven,100.0
2912758,Adulto,100.0
2893208,Joven,100.0
2906505,Joven,100.0
2906087,Joven,100.0
2875812,Joven,100.0
2886482,Joven,100.0
2889578,Joven,100.0
2909715,Joven,100.0
2896945,Joven,100.0
2880772,Joven,100.0
2895631,Joven,100.0
2883126,Joven,100.0
2906551,Joven,100.0
2917766,Joven,100.0
2899881,Joven,100.0
2912471,Joven,100.0
2870563,Joven,100.0
2897628,Joven,100.0
2885193,Adulto,100.0
2900801,Joven,100.0
2877903,Joven,100.0
2904833,Joven,100.0
2913499,Joven,100.0
2878764,Joven,100.0
2889459,Joven,100.0
2909756,Joven,100.0
2913111,Joven,100.0
2913617,Joven,100.0
2876414,Joven,100.0
2895967,Adulto,100.0
2901890,Joven,100.0
2898461,Joven,100.0
2909896,Joven,100.0
2880893,Adulto,100.0
2910323,Joven,100.0
2882041,Joven,100.0
2889456,Joven,100.0
2900946,Joven,100.0
2870553,Joven,100.0
2896431,Joven,100.0
2890032,Joven,100.0
2877010,Joven,100.0
2887729,Adulto,100.0
2872313,Joven,100.0
2871236,Joven,100.0
2902192,Joven,100.0
2898985,Joven,100.0
2906298,Joven,100.0
2890805,Joven,100.0
2871414,Joven,100.0
2896155,Joven,100.0
2879752,Joven,100.0
2896054,Joven,100.0
2884001,Joven,100.0
2891290,Joven,100.0
2892439,Joven,100.0
2889486,Joven,100.0
2898785,Joven,100.0
2898134,Joven,100.0
2892344,Joven,100.0
2879494,Joven,100.0
2890212,Joven,100.0
2891920,Joven,100.0
2892599,Joven,100.0
2898757,Joven,100.0
2893184,Joven,100.0
2893642,Adulto,100.0
2914262,Adulto,100.0
2892965,Joven,100.0
2889177,Joven,100.0
2905762,Joven,100.0
2896590,Joven,100.0
2871117,Joven,100.0
2914375,Joven,100.0
2878947,Joven,100.0
2902423,Joven,100.0
2883248,Joven,100.0
2917534,Joven,100.0
2876924,Joven,100.0
2916809,Joven,100.0
2912630,Joven,100.0
2873620,Joven,100.0
2879366,Joven,100.0
2912561,Joven,100.0
2896529,Joven,100.0
2871697,Joven,100.0
2871820,Adulto,100.0
2872033,Joven,100.0
2889880,Joven,100.0
2897482,Adulto,100.0
2873745,Joven,100.0
2910539,Joven,100.0
2912242,Joven,100.0
2917466,Adulto,100.0
2876444,Adulto,100.0
2897464,Joven,100.0
2915416,Joven,100.0
2885442,Joven,100.0
2896021,Joven,100.0
2877372,Joven,100.0
2913629,Joven,100.0
2916254,Joven,100.0
2888970,Joven,100.0
2907998,Joven,100.0
2903334,Joven,100.0
2892781,Joven,100.0
2897337,Joven,100.0
2873115,Joven,100.0
2915922,Joven,100.0
2917136,Joven,100.0
2902017,Joven,100.0
2874973,Joven,100.0
2901238,Joven,100.0
2892674,Joven,100.0
2904194,Joven,100.0
2913409,Joven,100.0
2893224,Joven,100.0
2914563,Joven,100.0
2907016,Joven,100.0
2913518,Joven,100.0
2882458,Joven,100.0
2916585,Joven,100.0
2891001,Joven,100.0
2918838,Joven,100.0
2887174,Joven,100.0
2886448,Joven,100.0
2913829,Adulto,100.0
2895246,Adulto,100.0
2888130,Joven,100.0
2897206,Joven,100.0
2872593,Joven,100.0
2916315,Joven,100.0
2903086,Joven,100.0
2893008,Joven,100.0
2909643,Joven,100.0
2885544,Adulto,100.0
2918831,Joven,100.0
2908125,Joven,100.0
2907555,Joven,100.0
2898051,Joven,100.0
2882033,Joven,100.0
2886130,Joven,100.0
2891838,Joven,100.0
2915348,Joven,100.0
2882482,Joven,100.0
2874457,Joven,100.0
2897698,Joven,100.0
2910690,Joven,100.0
2917942,Joven,100.0
2871671,Joven,100.0
2889948,Joven,100.0
2872209,Joven,100.0
2910644,Joven,100.0
2909622,Joven,100.0
2870168,Joven,100.0
2879616,Joven,100.0
2912833,Adulto,100.0
2890413,Joven,100.0
2882742,Joven,100.0
2892035,Joven,100.0
2895133,Joven,100.0
2909190,Joven,100.0
2910500,Joven,100.0
2904927,Joven,100.0
2880544,Joven,100.0
2901858,Joven,100.0
2916412,Joven,100.0
2917907,Joven,100.0
2877632,Joven,100.0
2888620,Joven,100.0
2919059,Joven,100.0
2911957,Adulto,100.0
2912247,Joven,100.0
2893948,Joven,100.0
2882763,Joven,100.0
2915085,Joven,100.0
2885457,Joven,100.0
2875363,Joven,100.0
2910798,Joven,100.0
2918060,Joven,100.0
2915666,Joven,100.0
2911087,Adulto,100.0
2907798,Adulto,100.0
2913338,Joven,100.0
2914457,Joven,100.0
2877003,Joven,100.0
2892926,Joven,100.0
2883455,Joven,100.0
2888469,Joven,100.0
2898911,Joven,100.0
2916947,Joven,100.0
2900948,Joven,100.0
2895641,Joven,100.0
2919334,Joven,100.0
2888470,Joven,100.0
2874465,Joven,100.0
2875145,Joven,100.0
2876771,Joven,100.0
2891280,Joven,100.0
2908518,Joven,100.0
2893800,Joven,100.0
2870028,Joven,100.0
2904338,Adulto,100.0
2881636,Joven,100.0
2910352,Joven,100.0
2897393,Joven,100.0
2890240,Joven,100.0
2913016,Joven,100.0
2913450,Joven,100.0
2880891,Joven,100.0
2912763,Joven,100.0
2878203,Joven,100.0
2914471,Joven,100.0
2911471,Adulto,100.0
2903095,Joven,100.0
2898504,Joven,100.0
2888797,Joven,100.0
2886948,Joven,100.0
2910416,Joven,100.0
2906894,Adulto,100.0
2882954,Joven,100.0
2907368,Adulto,100.0
2903225,Joven,100.0
2904601,Joven,100.0
2898732,Joven,100.0
2915100,Joven,100.0
2875379,Joven,100.0
2913966,Joven,100.0
2906080,Joven,100.0
2870241,Joven,100.0
2901730,Joven,100.0
2873377,Joven,100.0
2893609,Joven,100.0
2884360,Adulto,100.0
2898631,Joven,100.0
2871437,Joven,100.0
2894537,Joven,100.0
2907106,Joven,100.0
2884696,Joven,100.0
2871294,Joven,100.0
2896784,Joven,100.0
2877456,Joven,100.0
2870647,Joven,100.0
2877870,Joven,100.0
2904165,Joven,100.0
2907066,Joven,100.0
2881368,Joven,100.0
2893369,Joven,100.0
2901262,Joven,100.0
2919758,Joven,100.0
2919963,Joven,100.0
2877978,Joven,100.0
2888910,Joven,100.0
2874139,Adulto,100.0
2872428,Joven,100.0
2874540,Joven,100.0
2891074,Joven,100.0
2914025,Joven,100.0
2880189,Joven,100.0
2906114,Joven,100.0
2906741,Joven,100.0
2871215,Joven,100.0
2890022,Joven,100.0
2918084,Joven,100.0
2897600,Joven,100.0
2914404,Joven,100.0
2914887,Joven,100.0
2884112,Joven,100.0
2882399,Joven,100.0
2870094,Joven,100.0
2887722,Joven,100.0
2899767,Joven,100.0
2912464,Joven,100.0
2901358,Joven,100.0
2916129,Joven,100.0
2913992,Joven,100.0
2896418,Joven,100.0
2885995,Joven,100.0
2894741,Joven,100.0
2907324,Adulto,100.0
2887057,Joven,100.0
2887062,Joven,100.0
2887786,Joven,100.0
2905000,Joven,100.0
2894224,Joven,100.0
2901939,Joven,100.0
2918750,Joven,100.0
2871528,Joven,100.0
2913740,Joven,100.0
2917514,Adulto,100.0
2873435,Joven,100.0
2917227,Joven,100.0
2873143,Joven,100.0
2907686,Adulto,100.0
2910249,Joven,100.0
2881723,Joven,100.0
2890785,Adulto,100.0
2902013,Joven,100.0
2915854,Joven,100.0
2912692,Joven,100.0
2886071,Joven,100.0
2888695,Adulto,100.0
2896971,Joven,100.0
2911669,Adulto,100.0
2877046,Joven,100.0
2909648,Joven,100.0
2904662,Joven,100.0
2899985,Joven,100.0
2909201,Adulto,100.0
2918472,Joven,100.0
2896095,Adulto,100.0
2881216,Joven,100.0
2876835,Adulto,100.0
2887063,Joven,100.0
2885018,Joven,100.0
2908277,Joven,100.0
2906604,Joven,100.0
2893944,Adulto,100.0
2915410,Adulto,100.0
2879920,Joven,100.0
2888318,Joven,100.0
2901528,Joven,100.0
2891261,Joven,100.0
2907708,Joven,100.0
2882383,Joven,100.0
2917323,Joven,100.0
2898044,Joven,100.0
2909476,Joven,100.0
2903374,Joven,100.0
2878039,Joven,100.0
2915027,Joven,100.0
2903132,Adulto,100.0
2895306,Joven,100.0
2902741,Joven,100.0
2889008,Joven,100.0
2903977,Joven,100.0
2882926,Joven,100.0
2870981,Joven,100.0
2900466,Joven,100.0
2917326,Joven,100.0
2888107,Joven,100.0
2873801,Joven,100.0
2896371,Joven,100.0
2881092,Joven,100.0
2911973,Adulto,100.0
2877227,Joven,100.0
2887828,Joven,100.0
2882074,Joven,100.0
2873328,Joven,100.0
2887517,Joven,100.0
2871173,Joven,100.0
2903521,Joven,100.0
2877681,Joven,100.0
2908246,Joven,100.0
2890639,Joven,100.0
2889460,Adulto,100.0
2904895,Joven,100.0
2916471,Joven,100.0
2879191,Joven,100.0
2894294,Joven,100.0
2898084,Joven,100.0
2896818,Joven,100.0
2877184,Joven,100.0
2918932,Joven,100.0
2893673,Joven,100.0
2877566,Joven,100.0
2887020,Joven,100.0
2913385,Joven,100.0
2914299,Joven,100.0
2917198,Joven,100.0
2891057,Joven,100.0
2876657,Joven,100.0
2880926,Joven,100.0
2874437,Joven,100.0
2894956,Joven,100.0
2880318,Joven,100.0
2900810,Joven,100.0
2902117,Joven,100.0
2895979,Joven,100.0
2900308,Joven,100.0
2883700,Joven,100.0
2908558,Joven,100.0
2908180,Joven,100.0
2895039,Joven,100.0
2914101,Joven,100.0
2908421,Joven,100.0
2900579,Joven,100.0
2897107,Joven,100.0
2913866,Joven,100.0
2898830,Joven,100.0
2875178,Joven,100.0
2903779,Joven,100.0
2879730,Joven,100.0
2913275,Joven,100.0
2914026,Joven,100.0
2907039,Joven,100.0
2911687,Joven,100.0
2911871,Joven,100.0
2889599,Joven,100.0
2876539,Joven,100.0
2886156,Joven,100.0
2919038,Joven,100.0
2874691,Joven,100.0
2893245,Joven,100.0
2872594,Joven,100.0
2885843,Joven,100.0
2886658,Joven,100.0
2876472,Joven,100.0
2871309,Joven,100.0
2912254,Joven,100.0
2902377,Joven,100.0
2895137,Joven,100.0
2894355,Joven,100.0
2904329,Joven,100.0
2917947,Joven,100.0
2872711,Joven,100.0
2870868,Adulto,100.0
2894440,Joven,100.0
2870247,Adulto,100.0
2907426,Joven,100.0
2891647,Joven,100.0
2906666,Joven,100.0
2887435,Joven,100.0
2872153,Joven,100.0
2872684,Joven,100.0
2907075,Joven,100.0
2871887,Adulto,100.0
2909212,Joven,100.0
2913502,Adulto,100.0
2898465,Joven,100.0
2899469,Joven,100.0
2871400,Joven,100.0
2889839,Joven,100.0
2887937,Joven,100.0
2910380,Joven,100.0
2887811,Joven,100.0
2906635,Joven,100.0
2887915,Joven,100.0
2904996,Joven,100.0
2881190,Joven,100.0
2898668,Joven,100.0
2911602,Joven,100.0
2908828,Joven,100.0
2878880,Joven,100.0
2897546,Adulto,100.0
2873731,Adulto,100.0
2885100,Joven,100.0
2874918,Adulto,100.0
2896499,Joven,100.0
2878724,Joven,100.0
2873239,Joven,100.0
2900074,Joven,100.0
2902902,Adulto,100.0
2892135,Joven,100.0
2887484,Joven,100.0
2916518,Adulto,100.0
2875819,Joven,100.0
2884776,Joven,100.0
2900130,Joven,100.0
2892751,Joven,100.0
2881487,Joven,100.0
2886845,Joven,100.0
2899744,Joven,100.0
2897032,Adulto,100.0
2887421,Adulto,100.0
2919434,Joven,100.0
2907294,Joven,100.0
2912404,Joven,100.0
2877831,Adulto,100.0
2912574,Adulto,100.0
2892672,Adulto,100.0
2893859,Joven,100.0
2879829,Joven,100.0
2876573,Adulto,100.0
2887706,Joven,100.0
2871806,Joven,100.0
2902622,Joven,100.0
2881094,Joven,100.0
2884630,Joven,100.0
2883078,Joven,100.0
2916544,Joven,100.0
2880791,Joven,100.0
2888406,Joven,100.0
2908008,Joven,100.0
2879791,Joven,100.0
2907332,Joven,100.0
2894490,Joven,100.0
2870584,Joven,100.0
2919095,Joven,100.0
2904930,Joven,100.0
2879279,Adulto,100.0
2909329,Joven,100.0
2874140,Joven,100.0
2911368,Joven,100.0
2914896,Joven,100.0
2882304,Joven,100.0
2909785,Joven,100.0
2899737,Joven,100.0
2882750,Joven,100.0
2909677,Joven,100.0
2919892,Joven,100.0
2891358,Joven,100.0
2888759,Joven,100.0
2916882,Joven,100.0
2891087,Joven,100.0
2883189,Joven,100.0
2910685,Joven,100.0
2914599,Joven,100.0
2897864,Joven,100.0
2896404,Joven,100.0
2888265,Joven,100.0
2902328,Joven,100.0
2896243,Joven,100.0
2899400,Joven,100.0
2899837,Joven,100.0
2908693,Joven,100.0
2904672,Joven,100.0
2879459,Joven,100.0
2884355,Joven,100.0
2906395,Joven,100.0
2888119,Adulto,100.0
2916148,Joven,100.0
2905387,Joven,100.0
2875203,Joven,100.0
2872399,Joven,100.0
2912780,Joven,100.0
2909903,Joven,100.0
2916982,Adulto,100.0
2870635,Joven,100.0
2897901,Joven,100.0
2882953,Joven,100.0
2919647,Joven,100.0
2903875,Joven,100.0
2881049,Joven,100.0
2898374,Joven,100.0
2884323,Joven,100.0
2898278,Joven,100.0
2872403,Joven,100.0
2918675,Joven,100.0
2907468,Joven,100.0
2876044,Joven,100.0
2880833,Joven,100.0
2880623,Joven,100.0
2890386,Joven,100.0
2874548,Joven,100.0
2888731,Joven,100.0
2905629,Joven,100.0
2889790,Joven,100.0
2902158,Adulto,100.0
2870216,Joven,100.0
2918782,Joven,100.0
2903543,Joven,100.0
2879886,Joven,100.0
2904319,Joven,100.0
2882100,Joven,100.0
2910518,Joven,100.0
2907225,Joven,100.0
2891673,Joven,100.0
2914548,Adulto,100.0
2882105,Joven,100.0
2897271,Joven,100.0
2877778,Joven,100.0
2896498,Joven,100.0
2904116,Joven,100.0
2894008,Joven,100.0
2894665,Joven,100.0
2919541,Joven,100.0
2902015,Joven,100.0
2881482,Joven,100.0
2919998,Joven,100.0
2889205,Joven,100.0
2882199,Joven,100.0
2901461,Joven,100.0
2906062,Adulto,100.0
2909517,Joven,100.0
2897379,Joven,100.0
2919444,Joven,100.0
2874416,Joven,100.0
2905840,Joven,100.0
2911649,Joven,100.0
2916286,Joven,100.0
2885294,Joven,100.0
2876128,Joven,100.0
2917282,Joven,100.0
2876500,Joven,100.0
2900132,Joven,100.0
2883713,Adulto,100.0
2897316,Adulto,100.0
2887898,Joven,100.0
2877643,Joven,100.0
2905512,Joven,100.0
2905923,Joven,100.0
2872723,Joven,100.0
2875444,Joven,100.0
2901540,Joven,100.0
2910295,Joven,100.0
2896897,Joven,100.0
2891664,Joven,100.0
2903182,Adulto,100.0
2896471,Joven,100.0
2901721,Joven,100.0
2916131,Joven,100.0
2916818,Adulto,100.0
2892325,Joven,100.0
2871183,Joven,100.0
2909962,Joven,100.0
2884052,Joven,100.0
2889455,Joven,100.0
2890993,Joven,100.0
2882775,Joven,100.0
2872432,Joven,100.0
2881592,Joven,100.0
2870279,Joven,100.0
2876228,Joven,100.0
2880416,Joven,100.0
2906563,Joven,100.0
2913371,Joven,100.0
2910538,Joven,100.0
2873975,Joven,100.0
2876532,Joven,100.0
2915502,Joven,100.0
2882514,Joven,100.0
2873291,Joven,100.0
2873790,Joven,100.0
2896326,Joven,100.0
2914841,Joven,100.0
2875310,Joven,100.0
2906386,Joven,100.0
2901840,Joven,100.0
2899810,Joven,100.0
2891754,Joven,100.0
2887575,Joven,100.0
2917632,Joven,100.0
2907689,Joven,100.0
2919832,Joven,100.0
2892915,Joven,100.0
2905493,Adulto,100.0
2909480,Joven,100.0
2904216,Joven,100.0
2898453,Joven,100.0
2872469,Joven,100.0
2898079,Adulto,100.0
2903730,Joven,100.0
2902007,Joven,100.0
2916654,Joven,100.0
2890059,Joven,100.0
2886941,Joven,100.0
2912542,Joven,100.0
2876849,Joven,100.0
2892904,Joven,100.0
2909080,Joven,100.0
2913686,Joven,100.0
2873946,Joven,100.0
2893147,Joven,100.0
2912633,Joven,100.0
2888713,Joven,100.0
2888047,Joven,100.0
2873327,Adulto,100.0
2872166,Joven,100.0
2873052,Joven,100.0
2877417,Joven,100.0
2890006,Joven,100.0
2880684,Joven,100.0
2883304,Joven,100.0
2895249,Adulto,100.0
2892313,Joven,100.0
2901182,Joven,100.0
2902176,Joven,100.0
2891049,Joven,100.0
2905120,Adulto,100.0
2876385,Joven,100.0
2874610,Joven,100.0
2891276,Joven,100.0
2918308,Adulto,100.0
2903828,Joven,100.0
2918656,Joven,100.0
2901321,Joven,100.0
2872909,Joven,100.0
2907713,Joven,100.0
2898875,Joven,100.0
2902912,Joven,100.0
2883615,Joven,100.0
2879065,Joven,100.0
2916793,Joven,100.0
2874958,Joven,100.0
2917918,Joven,100.0
2881692,Joven,100.0
2896595,Joven,100.0
2907538,Joven,100.0
2872647,Joven,100.0
2918560,Joven,100.0
2884734,Joven,100.0
2910408,Joven,100.0
2903714,Joven,100.0
2893706,Joven,100.0
2893966,Joven,100.0
2916907,Joven,100.0
2884712,Adulto,100.0
2879658,Joven,100.0
2919868,Joven,100.0
2893180,Joven,100.0
2879240,Joven,100.0
2878349,Joven,100.0
2893348,Joven,100.0
2918625,Joven,100.0
2909309,Joven,100.0
2871295,Joven,100.0
2901842,Joven,100.0
2889911,Joven,100.0
2878336,Joven,100.0
2910189,Joven,100.0
2900581,Joven,100.0
2903922,Joven,100.0
2913895,Adulto,100.0
2881241,Joven,100.0
2886453,Joven,100.0
2876329,Adulto,100.0
2895414,Joven,100.0
2910790,Adulto,100.0
2878918,Joven,100.0
2890966,Joven,100.0
2884808,Joven,100.0
2915131,Joven,100.0
2897823,Adulto,100.0
2885523,Joven,100.0
2870004,Joven,100.0
2899829,Adulto,100.0
2899143,Joven,100.0
2913109,Joven,100.0
2873628,Joven,100.0
2871645,Joven,100.0
2915244,Joven,100.0
2899954,Joven,100.0
2874048,Joven,100.0
2873924,Joven,100.0
2918182,Joven,100.0
2890699,Joven,100.0
2897590,Joven,100.0
2903337,Joven,100.0
2880003,Joven,100.0
2879017,Joven,100.0
2883402,Joven,100.0
2903729,Joven,100.0
2917346,Joven,100.0
2910438,Joven,100.0
2911900,Joven,100.0
2904814,Joven,100.0
2873709,Adulto,100.0
2873724,Joven,100.0
2895574,Joven,100.0
2911645,Joven,100.0
2898878,Adulto,100.0
2910318,Joven,100.0
2898716,Joven,100.0
2917166,Joven,100.0
2875307,Adulto,100.0
2872585,Joven,100.0
2884689,Joven,100.0
2886088,Joven,100.0
2875148,Joven,100.0
2889649,Joven,100.0
2889966,Adulto,100.0
2879919,Joven,100.0
2913643,Joven,100.0
2886755,Joven,100.0
2916781,Joven,100.0
2910617,Joven,100.0
2892545,Joven,100.0
2876189,Joven,100.0
2896110,Joven,100.0
2913049,Joven,100.0
2897112,Joven,100.0
2883025,Joven,100.0
2880238,Joven,100.0
2902779,Joven,100.0
2895191,Joven,100.0
2919789,Joven,100.0
2890540,Joven,100.0
2874197,Joven,100.0
2878908,Joven,100.0
2889904,Joven,100.0
2884876,Joven,100.0
2902970,Joven,100.0
2906933,Joven,100.0
2906421,Joven,100.0
2891782,Adulto,100.0
2905287,Joven,100.0
2870392,Joven,100.0
2909530,Joven,100.0
2917158,Joven,100.0
2877750,Joven,100.0
2873271,Joven,100.0
2888416,Joven,100.0
2916543,Joven,100.0
2911483,Joven,100.0
2905529,Joven,100.0
2885953,Joven,100.0
2870131,Joven,100.0
2903664,Joven,100.0
2896031,Joven,100.0
2902976,Joven,100.0
2919534,Adulto,100.0
2891252,Joven,100.0
2896993,Joven,100.0
2888100,Joven,100.0
2887149,Joven,100.0
2903062,Joven,100.0
2903176,Joven,100.0
2911512,Joven,100.0
2905688,Joven,100.0
2918311,Joven,100.0
2904360,Joven,100.0
2914874,Joven,100.0
2870728,Adulto,100.0
2898343,Joven,100.0
2881971,Joven,100.0
2877590,Joven,100.0
2876020,Joven,100.0
2903507,Joven,100.0
2903445,Joven,100.0
2897087,Joven,100.0
2880556,Adulto,100.0
2895125,Adulto,100.0
2882997,Adulto,100.0
2896695,Joven,100.0
2901612,Joven,100.0
2893277,Joven,100.0
2911623,Joven,100.0
2907705,Joven,100.0
2903310,Joven,100.0
2905179,Joven,100.0
2907930,Joven,100.0
2891887,Adulto,100.0
2901875,Joven,100.0
2898620,Joven,100.0
2892827,Joven,100.0
2888264,Joven,100.0
2879559,Joven,100.0
2906860,Joven,100.0
2873689,Joven,100.0
2895086,Joven,100.0
2913222,Joven,100.0
2911888,Adulto,100.0
2907037,Joven,100.0
2899209,Adulto,100.0
2890594,Joven,100.0
2914206,Joven,100.0
2893622,Joven,100.0
2883210,Adulto,100.0
2894361,Joven,100.0
2872521,Joven,100.0
2904333,Adulto,100.0
2894953,Joven,100.0
2876648,Joven,100.0
2874234,Joven,100.0
2893181,Joven,100.0
2885440,Adulto,100.0
2900016,Joven,100.0
2906877,Joven,100.0
2895836,Joven,100.0
2890936,Joven,100.0
2886874,Joven,100.0
2889269,Adulto,100.0
2915808,Joven,100.0
2911587,Joven,100.0
2913579,Adulto,100.0
2915940,Joven,100.0
2895472,Joven,100.0
2891434,Joven,100.0
2909084,Joven,100.0
2916559,Joven,100.0
2870504,Adulto,100.0
2908271,Joven,100.0
2886258,Joven,100.0
2882857,Joven,100.0
2909097,Joven,100.0
2903390,Adulto,100.0
2895205,Joven,100.0
2902643,Joven,100.0
2882094,Joven,100.0
2917927,Joven,100.0
2904169,Joven,100.0
2876327,Joven,100.0
2886938,Joven,100.0
2876589,Adulto,100.0
2877454,Joven,100.0
2909735,Adulto,100.0
2903461,Joven,100.0
2870903,Joven,100.0
2880672,Joven,100.0
2910720,Adulto,100.0
2918096,Joven,100.0
2870697,Joven,100.0
2909528,Joven,100.0
2892547,Joven,100.0
2907090,Joven,100.0
2919600,Joven,100.0
2899468,Joven,100.0
2878407,Joven,100.0
2899099,Joven,100.0
2889262,Joven,100.0
2899051,Joven,100.0
2897917,Joven,100.0
2871912,Joven,100.0
2911544,Joven,100.0
2900159,Joven,100.0
2916711,Joven,100.0
2915559,Adulto,100.0
2877567,Joven,100.0
2915092,Joven,100.0
2917274,Joven,100.0
2894257,Joven,100.0
2870764,Adulto,100.0
2883378,Joven,100.0
2879538,Joven,100.0
2890360,Joven,100.0
2891248,Joven,100.0
2906139,Adulto,100.0
2914044,Joven,100.0
2887476,Joven,100.0
2874427,Adulto,100.0
2904555,Joven,100.0
2878912,Joven,100.0
2902302,Joven,100.0
2897782,Joven,100.0
2919432,Joven,100.0
2872765,Joven,100.0
2895709,Joven,100.0
2877734,Joven,100.0
2900157,Joven,100.0
2874264,Adulto,100.0
2911277,Joven,100.0
2911534,Joven,100.0
2900703,Joven,100.0
2881684,Joven,100.0
2918612,Adulto,100.0
2914400,Joven,100.0
2895725,Joven,100.0
2889530,Adulto,100.0
2882768,Joven,100.0
2911855,Joven,100.0
2895055,Joven,100.0
2894426,Joven,100.0
2903867,Adulto,100.0
2916305,Joven,100.0
2893116,Joven,100.0
2907587,Joven,100.0
2911228,Joven,100.0
2880575,Joven,100.0
2919373,Joven,100.0
2897927,Joven,100.0
2893221,Joven,100.0
2901215,Joven,100.0
2916138,Joven,100.0
2891218,Joven,100.0
2871919,Joven,100.0
2903405,Joven,100.0
2912842,Joven,100.0
2873734,Joven,100.0
2884161,Joven,100.0
2915209,Joven,100.0
2871098,Joven,100.0
2896848,Joven,100.0
2898153,Joven,100.0
2898528,Joven,100.0
2896382,Joven,100.0
2881469,Joven,100.0
2874411,Adulto,100.0
2919184,Joven,100.0
2912880,Joven,100.0
2901613,Joven,100.0
2896340,Joven,100.0
2874582,Joven,100.0
2882860,Joven,100.0
2879760,Joven,100.0
2880067,Joven,100.0
2898584,Joven,100.0
2881558,Joven,100.0
2878073,Adulto,100.0
2891217,Joven,100.0
2888774,Joven,100.0
2911731,Adulto,100.0
2917236,Joven,100.0
2895196,Joven,100.0
2873891,Joven,100.0
2896067,Joven,100.0
2901480,Joven,100.0
2877591,Joven,100.0
2883882,Joven,100.0
2900045,Joven,100.0
2876245,Joven,100.0
2898081,Joven,100.0
2909498,Joven,100.0
2892864,Joven,100.0
2877451,Joven,100.0
2872151,Joven,100.0
2887490,Adulto,100.0
2879349,Joven,100.0
2882600,Joven,100.0
2900429,Joven,100.0
2903570,Adulto,100.0
2912868,Adulto,100.0
2918841,Joven,100.0
2906084,Joven,100.0
2894172,Joven,100.0
2910566,Joven,100.0
2906785,Joven,100.0
2907083,Joven,100.0
2891253,Adulto,100.0
2888574,Joven,100.0
2908901,Adulto,100.0
2918743,Adulto,100.0
2898934,Joven,100.0
2911655,Joven,100.0
2898437,Joven,100.0
2892536,Joven,100.0
2893177,Joven,100.0
2917799,Adulto,100.0
2891423,Joven,100.0
2896954,Adulto,100.0
2903412,Joven,100.0
2899486,Joven,100.0
2888250,Joven,100.0
2919219,Joven,100.0
2889147,Joven,100.0
2900190,Joven,100.0
2876649,Joven,100.0
2872071,Joven,100.0
2889103,Joven,100.0
2893683,Joven,100.0
2888893,Adulto,100.0
2899650,Adulto,100.0
2896959,Joven,100.0
2881097,Joven,100.0
2915485,Joven,100.0
2896430,Joven,100.0
2901782,Joven,100.0
2909310,Joven,100.0
2914750,Adulto,100.0
2888451,Joven,100.0
2895326,Joven,100.0
2906500,Joven,100.0
2918373,Joven,100.0
2886128,Joven,100.0
2907399,Adulto,100.0
2905361,Joven,100.0
2908470,Joven,100.0
2891111,Joven,100.0
2880233,Joven,100.0
2888972,Joven,100.0
2870483,Joven,100.0
2904209,Joven,100.0
2893344,Adulto,100.0
2882097,Joven,100.0
2906541,Joven,100.0
2874760,Adulto,100.0
2912214,Adulto,100.0
2876528,Joven,100.0
2889603,Joven,100.0
2907209,Joven,100.0
2914813,Joven,100.0
2879881,Joven,100.0
2911054,Joven,100.0
2916535,Joven,100.0
2891110,Joven,100.0
2872237,Joven,100.0
2876112,Joven,100.0
2905446,Joven,100.0
2892164,Joven,100.0
2891784,Joven,100.0
2884910,Joven,100.0
2919984,Adulto,100.0
2909708,Joven,100.0
2890908,Joven,100.0
2900610,Joven,100.0
2894435,Joven,100.0
2880052,Joven,100.0
2914205,Joven,100.0
2891505,Joven,100.0
2879576,Joven,100.0
2883705,Joven,100.0
2898744,Joven,100.0
2919335,Joven,100.0
2903278,Adulto,100.0
2870221,Joven,100.0
2891310,Joven,100.0
2895801,Joven,100.0
2913825,Joven,100.0
2918559,Joven,100.0
2878965,Joven,100.0
2878372,Joven,100.0
2899936,Joven,100.0
2875291,Joven,100.0
2871311,Adulto,100.0
2874438,Joven,100.0
2889184,Joven,100.0
2907028,Joven,100.0
2871137,Joven,100.0
2882603,Joven,100.0
2916362,Joven,100.0
2877645,Joven,100.0
2907551,Joven,100.0
2900063,Joven,100.0
2912085,Adulto,100.0
2913473,Joven,100.0
2874993,Joven,100.0
2916497,Joven,100.0
2898707,Joven,100.0
2918133,Joven,100.0
2888360,Joven,100.0
2882901,Joven,100.0
2913797,Adulto,100.0
2916769,Adulto,100.0
2897756,Joven,100.0
2904206,Joven,100.0
2916206,Joven,100.0
2895413,Adulto,100.0
2888569,Adulto,100.0
2903002,Joven,100.0
2893539,Joven,100.0
2871426,Joven,100.0
2912987,Joven,100.0
2897943,Adulto,100.0
2913717,Adulto,100.0
2880475,Joven,100.0
2914072,Joven,100.0
2891401,Joven,100.0
2876476,Joven,100.0
2883054,Joven,100.0
2918413,Joven,100.0
2894822,Joven,100.0
2902194,Joven,100.0
2901143,Joven,100.0
2878230,Joven,100.0
2919498,Joven,100.0
2877315,Joven,100.0
2907714,Joven,100.0
2904514,Joven,100.0
2877895,Joven,100.0
2912723,Joven,100.0
2898456,Joven,100.0
2904902,Joven,100.0
2916373,Joven,100.0
2898004,Joven,100.0
2881815,Joven,100.0
2918459,Joven,100.0
2897296,Joven,100.0
2919272,Joven,100.0
2877977,Joven,100.0
2893588,Joven,100.0
2897637,Joven,100.0
2914925,Joven,100.0
2910658,Joven,100.0
2899844,Joven,100.0
2895477,Joven,100.0
2889211,Joven,100.0
2902363,Joven,100.0
2874534,Adulto,100.0
2908689,Joven,100.0
2895924,Joven,100.0
2914371,Joven,100.0
2901773,Joven,100.0
2885498,Joven,100.0
2919561,Adulto,100.0
2896670,Joven,100.0
2896421,Joven,100.0
2918351,Joven,100.0
2870543,Adulto,100.0
2916198,Joven,100.0
2875482,Joven,100.0
2875648,Joven,100.0
2911292,Joven,100.0
2908627,Joven,100.0
2913953,Joven,100.0
2875169,Joven,100.0
2913865,Joven,100.0
2880226,Joven,100.0
2900615,Adulto,100.0
2896252,Joven,100.0
2870948,Joven,100.0
2877980,Joven,100.0
2872935,Joven,100.0
2912499,Joven,100.0
2870282,Joven,100.0
2919881,Joven,100.0
2904361,Joven,100.0
2875645,Joven,100.0
2876840,Joven,100.0
2917183,Joven,100.0
2915860,Joven,100.0
2871690,Joven,100.0
2876580,Joven,100.0
2871128,Joven,100.0
2875488,Joven,100.0
2881440,Joven,100.0
2879075,Joven,100.0
2876341,Adulto,100.0
2918035,Joven,100.0
2900309,Joven,100.0
2888866,Joven,100.0
2909996,Joven,100.0
2902803,Adulto,100.0
2879851,Joven,100.0
2870192,Joven,100.0
2883089,Joven,100.0
2901527,Joven,100.0
2894626,Joven,100.0
2901472,Joven,100.0
2915422,Adulto,100.0
2917740,Joven,100.0
2900165,Joven,100.0
2871374,Joven,100.0
2882779,Joven,100.0
2888706,Adulto,100.0
2905438,Joven,100.0
2871769,Joven,100.0
2871910,Joven,100.0
2899823,Joven,100.0
2872060,Joven,100.0
2886481,Adulto,100.0
2910365,Joven,100.0
2887986,Joven,100.0
2906458,Joven,100.0
2909545,Joven,100.0
2883147,Joven,100.0
2904067,Joven,100.0
2880282,Joven,100.0
2912084,Joven,100.0
2896333,Joven,100.0
2909177,Joven,100.0
2873634,Joven,100.0
2887672,Adulto,100.0
2874245,Joven,100.0
2890441,Joven,100.0
2881285,Joven,100.0
2913234,Joven,100.0
2914938,Joven,100.0
2872916,Joven,100.0
2905208,Joven,100.0
2884789,Joven,100.0
2872344,Joven,100.0
2906686,Adulto,100.0
2912552,Joven,100.0
2883229,Joven,100.0
2910925,Adulto,100.0
2908675,Adulto,100.0
2873870,Joven,100.0
2910589,Joven,100.0
2901857,Joven,100.0
2899369,Joven,100.0
2890957,Joven,100.0
2877869,Joven,100.0
2883347,Adulto,100.0
2881397,Joven,100.0
2891625,Joven,100.0
2893655,Joven,100.0
2918439,Joven,100.0
2873860,Joven,100.0
2899590,Joven,100.0
2904301,Joven,100.0
2915859,Joven,100.0
2870660,Joven,100.0
2904378,Joven,100.0
2882826,Joven,100.0
2880402,Joven,100.0
2912187,Joven,100.0
2895393,Joven,100.0
2887646,Joven,100.0
2913930,Joven,100.0
2913876,Joven,100.0
2891942,Joven,100.0
2891451,Joven,100.0
2882461,Adulto,100.0
2903699,Joven,100.0
2884650,Joven,100.0
2909134,Adulto,100.0
2890859,Joven,100.0
2913939,Joven,100.0
2911557,Joven,100.0
2882994,Joven,100.0
2888241,Joven,100.0
2906809,Joven,100.0
2916207,Joven,100.0
2915032,Joven,100.0
2905286,Joven,100.0
2894924,Joven,100.0
2880573,Joven,100.0
2894936,Joven,100.0
2890901,Joven,100.0
2917941,Joven,100.0
2897336,Adulto,100.0
2886014,Joven,100.0
2881148,Adulto,100.0
2910698,Joven,100.0
2893160,Joven,100.0
2906168,Adulto,100.0
2899494,Joven,100.0
2890713,Joven,100.0
2886086,Joven,100.0
2891572,Joven,100.0
2879328,Joven,100.0
2905278,Adulto,100.0
2895609,Joven,100.0
2885453,Joven,100.0
2909631,Joven,100.0
2897041,Joven,100.0
2871310,Joven,100.0
2886997,Joven,100.0
2919263,Joven,100.0
2892735,Adulto,100.0
2875290,Joven,100.0
2876134,Joven,100.0
2911299,Joven,100.0
2872322,Joven,100.0
2912116,Joven,100.0
2915792,Adulto,100.0
2898179,Joven,100.0
2901196,Joven,100.0
2919199,Joven,100.0
2908891,Joven,100.0
2895313,Joven,100.0
2899020,Joven,100.0
2907783,Joven,100.0
2912418,Joven,100.0
2905586,Joven,100.0
2878659,Joven,100.0
2888603,Joven,100.0
2886228,Joven,100.0
2906642,Joven,100.0
2890749,Joven,100.0
2888197,Joven,100.0
2885353,Joven,100.0
2882418,Joven,100.0
2900463,Joven,100.0
2913883,Joven,100.0
2890496,Joven,100.0
2904991,Adulto,100.0
2885691,Joven,100.0
2903835,Adulto,100.0
2887219,Joven,100.0
2892474,Joven,100.0
2900151,Joven,100.0
2895199,Joven,100.0
2873338,Joven,100.0
2885961,Joven,100.0
2871871,Joven,100.0
2914481,Adulto,100.0
2901241,Joven,100.0
2917447,Joven,100.0
2894542,Joven,100.0
2903276,Joven,100.0
2886764,Joven,100.0
2893265,Joven,100.0
2908434,Joven,100.0
2884895,Joven,100.0
2877340,Joven,100.0
2918064,Adulto,100.0
2907870,Joven,100.0
2885086,Joven,100.0
2881251,Adulto,100.0
2877784,Joven,100.0
2900458,Joven,100.0
2908281,Joven,100.0
2905419,Joven,100.0
2892075,Joven,100.0
2873461,Joven,100.0
2912250,Joven,100.0
2908254,Joven,100.0
2871681,Joven,100.0
2916499,Joven,100.0
2904904,Adulto,100.0
2879235,Joven,100.0
2873942,Adulto,100.0
2889873,Joven,100.0
2891199,Joven,100.0
2888729,Joven,100.0
2876359,Joven,100.0
2885047,Joven,100.0
2874998,Joven,100.0
2873611,Joven,100.0
2902402,Joven,100.0
2899968,Joven,100.0
2912475,Joven,100.0
2882707,Joven,100.0
2875681,Joven,100.0
2888566,Joven,100.0
2898031,Joven,100.0
2902098,Joven,100.0
2888052,Adulto,100.0
2908909,Joven,100.0
2914428,Joven,100.0
2871061,Adulto,100.0
2917411,Joven,100.0
2896407,Joven,100.0
2881611,Joven,100.0
2875609,Joven,100.0
2881991,Joven,100.0
2908803,Joven,100.0
2908931,Joven,100.0
2896141,Adulto,100.0
2904344,Joven,100.0
2902379,Joven,100.0
2913402,Joven,100.0
2898837,Joven,100.0
2915720,Joven,100.0
2907407,Joven,100.0
2892496,Adulto,100.0
2919102,Joven,100.0
2896697,Joven,100.0
2896457,Joven,100.0
2877189,Joven,100.0
2896598,Adulto,100.0
2901536,Joven,100.0
2913942,Joven,100.0
2896963,Joven,100.0
2908958,Joven,100.0
2881716,Joven,100.0
2901337,Joven,100.0
2887019,Adulto,100.0
2892884,Joven,100.0
2912571,Adulto,100.0
2878845,Joven,100.0
2877640,Joven,100.0
2901348,Joven,100.0
2899158,Joven,100.0
2913451,Joven,100.0
2914532,Joven,100.0
2900096,Joven,100.0
2919435,Joven,100.0
2891194,Joven,100.0
2883008,Joven,100.0
2892881,Joven,100.0
2900384,Joven,100.0
2909240,Joven,100.0
2905869,Joven,100.0
2905991,Joven,100.0
2909949,Joven,100.0
2910090,Joven,100.0
2884173,Adulto,100.0
2893005,Joven,100.0
2884297,Joven,100.0
2878085,Adulto,100.0
2896846,Joven,100.0
2870107,Joven,100.0
2905615,Joven,100.0
2916870,Joven,100.0
2912622,Adulto,100.0
2884905,Joven,100.0
2874097,Adulto,100.0
2902921,Joven,100.0
2895213,Joven,100.0
2872175,Joven,100.0
2881457,Joven,100.0
2914784,Joven,100.0
2904232,Joven,100.0
2877842,Joven,100.0
2875463,Joven,100.0
2892324,Adulto,100.0
2880372,Joven,100.0
2906959,Joven,100.0
2876603,Adulto,100.0
2891192,Joven,100.0
2917862,Joven,100.0
2917829,Joven,100.0
2890751,Joven,100.0
2881274,Joven,100.0
2881376,Joven,100.0
2893744,Joven,100.0
2908089,Joven,100.0
2894236,Adulto,100.0
2883459,Joven,100.0
2878178,Joven,100.0
2891987,Joven,100.0
2899142,Adulto,100.0
2894836,Joven,100.0
2905892,Joven,100.0
2879637,Joven,100.0
2876907,Joven,100.0
2901422,Joven,100.0
2911496,Joven,100.0
2894935,Joven,100.0
2919539,Joven,100.0
2888820,Joven,100.0
2880110,Joven,100.0
2908507,Joven,100.0
2910224,Joven,100.0
2916366,Joven,100.0
2888106,Joven,100.0
2916917,Joven,100.0
2915698,Joven,100.0
2888687,Joven,100.0
2918665,Joven,100.0
2909938,Joven,100.0
2896229,Joven,100.0
2879964,Joven,100.0
2876201,Adulto,100.0
2900377,Joven,100.0
2892452,Joven,100.0
2903628,Joven,100.0
2914364,Joven,100.0
2913235,Joven,100.0
2877497,Joven,100.0
2876419,Joven,100.0
2891263,Joven,100.0
2885871,Adulto,100.0
2881142,Joven,100.0
2898216,Joven,100.0
2889051,Joven,100.0
2900575,Joven,100.0
2877877,Joven,100.0
2919191,Joven,100.0
2915556,Joven,100.0
2891035,Joven,100.0
2908900,Adulto,100.0
2875255,Joven,100.0
2877805,Joven,100.0
2874169,Joven,100.0
2889498,Joven,100.0
2896369,Joven,100.0
2895621,Joven,100.0
2884177,Joven,100.0
2881642,Joven,100.0
2904705,Joven,100.0
2886861,Joven,100.0
2900881,Joven,100.0
2905334,Joven,100.0
2881407,Adulto,100.0
2908491,Joven,100.0
2898686,Joven,100.0
2905659,Joven,100.0
2901256,Joven,100.0
2879585,Joven,100.0
2918081,Joven,100.0
2901122,Joven,100.0
2913793,Joven,100.0
2891624,Adulto,100.0
2918777,Joven,100.0
2918492,Joven,100.0
2918728,Joven,100.0
2912526,Joven,100.0
2908128,Joven,100.0
2888110,Joven,100.0
2882569,Joven,100.0
2919909,Joven,100.0
2917101,Joven,100.0
2918258,Joven,100.0
2871205,Joven,100.0
2906106,Joven,100.0
2914390,Joven,100.0
2890508,Joven,100.0
2877687,Joven,100.0
2915882,Joven,100.0
2908783,Joven,100.0
2908554,Joven,100.0
2881728,Joven,100.0
2883669,Joven,100.0
2901680,Joven,100.0
2897214,Joven,100.0
2902077,Joven,100.0
2900320,Joven,100.0
2889298,Joven,100.0
2919961,Joven,100.0
2917761,Joven,100.0
2897405,Adulto,100.0
2887708,Joven,100.0
2871465,Joven,100.0
2885070,Joven,100.0
2877422,Joven,100.0
2883425,Joven,100.0
2911985,Joven,100.0
2887026,Joven,100.0
2915193,Joven,100.0
2914706,Joven,100.0
2875708,Joven,100.0
2896234,Adulto,100.0
2877175,Joven,100.0
2907743,Joven,100.0
2905421,Joven,100.0
2899700,Adulto,100.0
2904877,Joven,100.0
2905009,Joven,100.0
2910595,Joven,100.0
2883943,Joven,100.0
2888693,Adulto,100.0
2907871,Joven,100.0
2915286,Adulto,100.0
2889253,Joven,100.0
2909230,Joven,100.0
2889744,Joven,100.0
2912590,Joven,100.0
2884631,Joven,100.0
2874354,Joven,100.0
2905489,Joven,100.0
2899024,Joven,100.0
2885759,Joven,100.0
2914937,Joven,100.0
2883075,Joven,100.0
2876620,Adulto,100.0
2876437,Joven,100.0
2910188,Joven,100.0
2892166,Joven,100.0
2885274,Joven,100.0
2889502,Joven,100.0
2884624,Joven,100.0
2917616,Joven,100.0
2877757,Joven,100.0
2883399,Joven,100.0
2886157,Joven,100.0
2879532,Joven,100.0
2900785,Joven,100.0
2891801,Joven,100.0
2877216,Joven,100.0
2899402,Joven,100.0
2908961,Joven,100.0
2892843,Joven,100.0
2871184,Joven,100.0
2894272,Joven,100.0
2907158,Joven,100.0
2900507,Joven,100.0
2873240,Joven,100.0
2891795,Adulto,100.0
2917220,Joven,100.0
2883974,Joven,100.0
2918400,Joven,100.0
2911079,Joven,100.0
2881529,Joven,100.0
2887554,Joven,100.0
2872050,Joven,100.0
2881084,Joven,100.0
2886704,Joven,100.0
2904139,Joven,100.0
2889156,Joven,100.0
2907249,Adulto,100.0
2889123,Joven,100.0
2881729,Joven,100.0
2877477,Joven,100.0
2884563,Joven,100.0
2907364,Joven,100.0
2872116,Adulto,100.0
2919147,Joven,100.0
2887163,Joven,100.0
2900323,Joven,100.0
2888091,Joven,100.0
2903725,Joven,100.0
2882491,Adulto,100.0
2900465,Joven,100.0
2873223,Joven,100.0
2915086,Joven,100.0
2890451,Adulto,100.0
2915369,Joven,100.0
2909216,Adulto,100.0
2918551,Joven,100.0
2882031,Joven,100.0
2912074,Joven,100.0
2898597,Joven,100.0
2902647,Joven,100.0
2916878,Joven,100.0
2879857,Joven,100.0
2908006,Joven,100.0
2900227,Joven,100.0
2905282,Joven,100.0
2894269,Joven,100.0
2900358,Joven,100.0
2888669,Joven,100.0
2881061,Joven,100.0
2891085,Joven,100.0
2901699,Joven,100.0
2882024,Joven,100.0
2888634,Joven,100.0
2909486,Joven,100.0
2905154,Joven,100.0
2886597,Joven,100.0
2876260,Joven,100.0
2907100,Joven,100.0
2916072,Joven,100.0
2905112,Joven,100.0
2893305,Joven,100.0
2902659,Joven,100.0
2882152,Joven,100.0
2879298,Adulto,100.0
2884535,Joven,100.0
2905976,Joven,100.0
2875205,Joven,100.0
2876383,Joven,100.0
2893145,Joven,100.0
2895842,Joven,100.0
2898632,Joven,100.0
2883350,Joven,100.0
2872930,Adulto,100.0
2898253,Joven,100.0
2884376,Joven,100.0
2894947,Adulto,100.0
2883415,Joven,100.0
2914567,Joven,100.0
2889060,Joven,100.0
2899392,Joven,100.0
2881453,Joven,100.0
2873688,Joven,100.0
2876869,Joven,100.0
2909370,Joven,100.0
2907858,Joven,100.0
2914591,Adulto,100.0
2896434,Joven,100.0
2891271,Joven,100.0
2874512,Adulto,100.0
2889038,Joven,100.0
2873889,Adulto,100.0
2904482,Adulto,100.0
2871637,Joven,100.0
2900041,Joven,100.0
2874808,Joven,100.0
2872157,Joven,100.0
2906789,Joven,100.0
2911232,Joven,100.0
2870840,Joven,100.0
2889067,Joven,100.0
2878456,Joven,100.0
2913595,Joven,100.0
2871519,Joven,100.0
2899021,Joven,100.0
2913053,Adulto,100.0
2919291,Joven,100.0
2899792,Joven,100.0
2903868,Joven,100.0
2880066,Joven,100.0
2915716,Joven,100.0
2886943,Joven,100.0
2873231,Joven,100.0
2870799,Joven,100.0
2882101,Adulto,100.0
2887917,Joven,100.0
2884397,Joven,100.0
2901201,Joven,100.0
2901431,Joven,100.0
2900637,Adulto,100.0
2912032,Joven,100.0
2891106,Adulto,100.0
2895600,Joven,100.0
2912415,Adulto,100.0
2873493,Joven,100.0
2913890,Adulto,100.0
2880227,Joven,100.0
2908944,Joven,100.0
2870527,Joven,100.0
2915274,Joven,100.0
2912809,Joven,100.0
2898512,Joven,100.0
2907967,Joven,100.0
2902292,Joven,100.0
2905966,Joven,100.0
2873412,Joven,100.0
2904124,Joven,100.0
2870411,Joven,100.0
2869983,Joven,100.0
2912035,Joven,100.0
2886490,Joven,100.0
2899748,Joven,100.0
2904436,Joven,100.0
2903312,Joven,100.0
2910820,Joven,100.0
2873254,Joven,100.0
2913326,Joven,100.0
2882258,Adulto,100.0
2903822,Joven,100.0
2890237,Joven,100.0
2888352,Joven,100.0
2906847,Joven,100.0
2918680,Joven,100.0
2913538,Joven,100.0
2880558,Joven,100.0
2900422,Adulto,100.0
2899782,Joven,100.0
2918539,Joven,100.0
2873767,Joven,100.0
2903623,Joven,100.0
2898641,Joven,100.0
2871651,Joven,100.0
2892604,Joven,100.0
2912086,Joven,100.0
2897140,Joven,100.0
2901779,Joven,100.0
2913119,Joven,100.0
2908342,Joven,100.0
2880399,Joven,100.0
2900823,Adulto,100.0
2872342,Joven,100.0
2871866,Joven,100.0
2891257,Joven,100.0
2907597,Joven,100.0
2902626,Adulto,100.0
2871296,Joven,100.0
2916864,Joven,100.0
2875620,Joven,100.0
2898113,Joven,100.0
2900327,Joven,100.0
2908290,Joven,100.0
2870742,Joven,100.0
2908041,Joven,100.0
2888555,Joven,100.0
2887327,Adulto,100.0
2888165,Joven,100.0
2903362,Joven,100.0
2898858,Joven,100.0
2903871,Joven,100.0
2902932,Joven,100.0
2876504,Joven,100.0
2869978,Joven,100.0
2912406,Joven,100.0
2877766,Adulto,100.0
2888952,Joven,100.0
2913050,Joven,100.0
2906016,Joven,100.0
2900852,Joven,100.0
2876107,Joven,100.0
2884009,Joven,100.0
2915174,Joven,100.0
2909449,Joven,100.0
2915905,Joven,100.0
2885067,Joven,100.0
2902919,Joven,100.0
2907222,Joven,100.0
2882632,Joven,100.0
2896538,Joven,100.0
2896953,Joven,100.0
2911878,Joven,100.0
2893137,Adulto,100.0
2878632,Joven,100.0
2871060,Joven,100.0
2900213,Joven,100.0
2902439,Adulto,100.0
2908038,Joven,100.0
2919415,Joven,100.0
2878837,Joven,100.0
2897022,Joven,100.0
2884141,Joven,100.0
2912334,Joven,100.0
2881574,Joven,100.0
2900505,Joven,100.0
2872113,Joven,100.0
2914525,Joven,100.0
2893504,Joven,100.0
2908587,Joven,100.0
2887104,Joven,100.0
2871448,Joven,100.0
2887692,Joven,100.0
2897694,Joven,100.0
2906257,Joven,100.0
2893367,Joven,100.0
2878100,Joven,100.0
2907851,Joven,100.0
2891593,Joven,100.0
2906396,Joven,100.0
2915961,Joven,100.0
2900868,Joven,100.0
2894656,Adulto,100.0
2919823,Joven,100.0
2915552,Joven,100.0
2872862,Joven,100.0
2913599,Adulto,100.0
2875027,Joven,100.0
2913767,Joven,100.0
2884510,Joven,100.0
2906496,Joven,100.0
2873464,Joven,100.0
2908804,Joven,100.0
2878810,Joven,100.0
2906297,Joven,100.0
2877875,Joven,100.0
2906712,Adulto,100.0
2884090,Joven,100.0
2876772,Joven,100.0
2909981,Adulto,100.0
2881862,Joven,100.0
2886739,Joven,100.0
2917550,Joven,100.0
2890141,Joven,100.0
2898354,Joven,100.0
2912652,Joven,100.0
2899845,Joven,100.0
2894088,Joven,100.0
2904511,Joven,100.0
2919690,Joven,100.0
2876607,Joven,100.0
2919840,Joven,100.0
2887281,Adulto,100.0
2909287,Joven,100.0
2873976,Joven,100.0
2887383,Joven,100.0
2909907,Joven,100.0
2900624,Joven,100.0
2875553,Joven,100.0
2915236,Joven,100.0
2907780,Adulto,100.0
2915312,Joven,100.0
2873532,Joven,100.0
2877772,Joven,100.0
2887605,Joven,100.0
2914866,Joven,100.0
2878151,Adulto,100.0
2895504,Joven,100.0
2898534,Joven,100.0
2880664,Joven,100.0
2889081,Adulto,100.0
2875271,Joven,100.0
2887230,Joven,100.0
2886161,Joven,100.0
2895569,Joven,100.0
2894737,Joven,100.0
2877207,Joven,100.0
2896502,Joven,100.0
2900931,Joven,100.0
2882221,Joven,100.0
2894815,Adulto,100.0
2885778,Joven,100.0
2913369,Joven,100.0
2880675,Adulto,100.0
2910079,Joven,100.0
2895445,Joven,100.0
2870166,Joven,100.0
2870367,Joven,100.0
2869939,Joven,100.0
2882387,Joven,100.0
2900436,Joven,100.0
2885570,Joven,100.0
2877867,Joven,100.0
2871632,Adulto,100.0
2879213,Joven,100.0
2894802,Joven,100.0
2876430,Joven,100.0
2907687,Joven,100.0
2872757,Joven,100.0
2909151,Joven,100.0
2900813,Joven,100.0
2917423,Joven,100.0
2894541,Joven,100.0
2877890,Joven,100.0
2891857,Joven,100.0
2890548,Joven,100.0
2889694,Joven,100.0
2898490,Joven,100.0
2870779,Joven,100.0
2900392,Joven,100.0
2907242,Joven,100.0
2900071,Joven,100.0
2874093,Joven,100.0
2886612,Joven,100.0
2873681,Joven,100.0
2876257,Adulto,100.0
2896365,Joven,100.0
2913861,Joven,100.0
2876834,Joven,100.0
2885555,Joven,100.0
2885659,Joven,100.0
2904663,Joven,100.0
2882006,Joven,100.0
2918433,Joven,100.0
2874568,Joven,100.0
2895227,Joven,100.0
2888919,Joven,100.0
2883843,Joven,100.0
2900238,Adulto,100.0
2897260,Adulto,100.0
2876446,Joven,100.0
2908862,Joven,100.0
2888505,Joven,100.0
2875123,Joven,100.0
2905034,Joven,100.0
2871988,Adulto,100.0
2875342,Joven,100.0
2910601,Joven,100.0
2909567,Joven,100.0
2903358,Joven,100.0
2896079,Adulto,100.0
2910636,Joven,100.0
2898695,Joven,100.0
2919049,Joven,100.0
2908115,Joven,100.0
2887513,Joven,100.0
2898521,Adulto,100.0
2910034,Joven,100.0
2913044,Joven,100.0
2884382,Joven,100.0
2873410,Joven,100.0
2888347,Joven,100.0
2877821,Joven,100.0
2892828,Joven,100.0
2870847,Adulto,100.0
2911583,Joven,100.0
2880497,Joven,100.0
2880542,Joven,100.0
2904906,Joven,100.0
2895638,Joven,100.0
2900609,Adulto,100.0
2907512,Joven,100.0
2895462,Joven,100.0
2902966,Adulto,100.0
2912004,Joven,100.0
2871840,Joven,100.0
2884822,Joven,100.0
2916814,Joven,100.0
2887001,Joven,100.0
2919965,Joven,100.0
2890009,Joven,100.0
2917118,Joven,100.0
2892589,Joven,100.0
2915461,Joven,100.0
2883074,Joven,100.0
2905943,Joven,100.0
2901805,Joven,100.0
2909196,Adulto,100.0
2916322,Joven,100.0
2901366,Joven,100.0
2871201,Joven,100.0
2903079,Joven,100.0
2890017,Joven,100.0
2911529,Adulto,100.0
2911866,Joven,100.0
2873992,Joven,100.0
2901652,Joven,100.0
2875262,Joven,100.0
2876162,Joven,100.0
2913715,Joven,100.0
2877863,Joven,100.0
2918968,Joven,100.0
2871438,Joven,100.0
2887978,Joven,100.0
2897461,Joven,100.0
2893817,Joven,100.0
2909244,Joven,100.0
2910425,Joven,100.0
2902110,Joven,100.0
2892967,Joven,100.0
2912161,Joven,100.0
2888803,Joven,100.0
2886248,Joven,100.0
2909013,Joven,100.0
2882833,Joven,100.0
2873856,Joven,100.0
2899602,Joven,100.0
2877327,Joven,100.0
2882372,Joven,100.0
2902182,Joven,100.0
2889782,Joven,100.0
2910514,Joven,100.0
2877723,Joven,100.0
2907420,Joven,100.0
2878967,Adulto,100.0
2912587,Adulto,100.0
2913336,Joven,100.0
2903587,Adulto,100.0
2893550,Joven,100.0
2911710,Joven,100.0
2891462,Adulto,100.0
2908387,Joven,100.0
2874630,Joven,100.0
2887379,Joven,100.0
2899715,Joven,100.0
2889614,Joven,100.0
2913664,Joven,100.0
2909781,Adulto,100.0
2919092,Joven,100.0
2918389,Joven,100.0
2912458,Joven,100.0
2884328,Adulto,100.0
2886670,Joven,100.0
2890521,Joven,100.0
2909296,Joven,100.0
2877026,Joven,100.0
2886447,Joven,100.0
2911636,Joven,100.0
2887636,Adulto,100.0
2917099,Joven,100.0
2877153,Joven,100.0
2895234,Joven,100.0
2889143,Joven,100.0
2898025,Joven,100.0
2915043,Joven,100.0
2904675,Adulto,100.0
2900311,Adulto,100.0
2912861,Adulto,100.0
2887147,Joven,100.0
2890681,Joven,100.0
2879806,Joven,100.0
2901158,Joven,100.0
2907125,Joven,100.0
2900626,Joven,100.0
2917596,Joven,100.0
2906951,Joven,100.0
2883140,Joven,100.0
2917195,Adulto,100.0
2900274,Adulto,100.0
2875734,Joven,100.0
2910678,Joven,100.0
2917834,Joven,100.0
2875406,Joven,100.0
2883004,Joven,100.0
2888236,Joven,100.0
2898598,Joven,100.0
2891211,Joven,100.0
2877846,Joven,100.0
2885738,Joven,100.0
2871991,Joven,100.0
2877050,Joven,100.0
2894163,Joven,100.0
2896100,Adulto,100.0
2880332,Joven,100.0
2892609,Adulto,100.0
2903682,Joven,100.0
2917845,Joven,100.0
2900738,Adulto,100.0
2911128,Joven,100.0
2886112,Joven,100.0
2875589,Joven,100.0
2893996,Joven,100.0
2880693,Adulto,100.0
2873274,Joven,100.0
2895861,Adulto,100.0
2891210,Joven,100.0
2906258,Joven,100.0
2889501,Joven,100.0
2895382,Joven,100.0
2881859,Joven,100.0
2876837,Joven,100.0
2914577,Joven,100.0
2915200,Joven,100.0
2887598,Joven,100.0
2888344,Joven,100.0
2871686,Joven,100.0
2891500,Joven,100.0
2879888,Joven,100.0
2911450,Joven,100.0
2914147,Joven,100.0
2912423,Adulto,100.0
2883286,Joven,100.0
2913300,Joven,100.0
2888964,Joven,100.0
2905557,Joven,100.0
2894317,Joven,100.0
2876126,Joven,100.0
2887758,Joven,100.0
2888164,Joven,100.0
2882621,Joven,100.0
2904816,Adulto,100.0
2882237,Joven,100.0
2885160,Joven,100.0
2914799,Joven,100.0
2903114,Joven,100.0
2900754,Joven,100.0
2916269,Joven,100.0
2908415,Joven,100.0
2906095,Adulto,100.0
2911406,Joven,100.0
2906092,Joven,100.0
2873639,Joven,100.0
2903199,Joven,100.0
2880508,Joven,100.0
2905981,Joven,100.0
2915588,Joven,100.0
2888534,Joven,100.0
2910785,Joven,100.0
2879342,Adulto,100.0
2886854,Joven,100.0
2891689,Joven,100.0
2889468,Adulto,100.0
2870730,Joven,100.0
2882242,Joven,100.0
2918654,Joven,100.0
2877037,Joven,100.0
2872725,Joven,100.0
2910046,Joven,100.0
2904467,Joven,100.0
2898909,Joven,100.0
2872623,Joven,100.0
2902153,Joven,100.0
2901275,Joven,100.0
2882056,Joven,100.0
2916817,Joven,100.0
2896941,Joven,100.0
2901738,Joven,100.0
2897987,Joven,100.0
2876369,Adulto,100.0
2919707,Joven,100.0
2879217,Joven,100.0
2916641,Joven,100.0
2875499,Joven,100.0
2892383,Joven,100.0
2912304,Joven,100.0
2908820,Joven,100.0
2911887,Joven,100.0
2883686,Joven,100.0
2880128,Joven,100.0
2912721,Joven,100.0
2872225,Joven,100.0
2900800,Joven,100.0
2896743,Joven,100.0
2873278,Joven,100.0
2918042,Adulto,100.0
2879969,Joven,100.0
2908344,Joven,100.0
2917485,Joven,100.0
2872701,Joven,100.0
2907659,Joven,100.0
2881102,Joven,100.0
2912532,Joven,100.0
2890465,Joven,100.0
2880665,Joven,100.0
2905926,Joven,100.0
2905555,Joven,100.0
2890899,Joven,100.0
2893693,Joven,100.0
2886907,Joven,100.0
2885946,Joven,100.0
2878143,Joven,100.0
2886551,Joven,100.0
2871880,Joven,100.0
2903457,Joven,100.0
2911759,Joven,100.0
2916838,Joven,100.0
2895315,Joven,100.0
2881200,Joven,100.0
2892587,Joven,100.0
2889127,Joven,100.0
2890432,Joven,100.0
2892870,Adulto,100.0
2874075,Joven,100.0
2907131,Joven,100.0
2913770,Joven,100.0
2907395,Joven,100.0
2911409,Joven,100.0
2909335,Joven,100.0
2880116,Joven,100.0
2897539,Joven,100.0
2887225,Adulto,100.0
2871439,Joven,100.0
2879573,Joven,100.0
2882652,Joven,100.0
2908071,Joven,100.0
2884242,Joven,100.0
2873011,Joven,100.0
2876984,Joven,100.0
2877952,Joven,100.0
2885592,Joven,100.0
2919168,Joven,100.0
2902325,Joven,100.0
2886987,Joven,100.0
2918858,Joven,100.0
2891080,Joven,100.0
2909450,Joven,100.0
2885306,Joven,100.0
2883097,Joven,100.0
2877251,Joven,100.0
2918501,Joven,100.0
2881127,Adulto,100.0
2899595,Joven,100.0
2873337,Joven,100.0
2893197,Joven,100.0
2893606,Joven,100.0
2892936,Joven,100.0
2879297,Joven,100.0
2919855,Joven,100.0
2874358,Adulto,100.0
2873823,Adulto,100.0
2877715,Joven,100.0
2888844,Joven,100.0
2883325,Joven,100.0
2896915,Adulto,100.0
2918902,Adulto,100.0
2878229,Joven,100.0
2875401,Joven,100.0
2913735,Joven,100.0
2908405,Joven,100.0
2874867,Joven,100.0
2884393,Joven,100.0
2907924,Joven,100.0
2903765,Joven,100.0
2899819,Joven,100.0
2880728,Joven,100.0
2899281,Joven,100.0
2917454,Joven,100.0
2918177,Joven,100.0
2881509,Joven,100.0
2871748,Joven,100.0
2893218,Joven,100.0
2903402,Adulto,100.0
2878894,Joven,100.0
2891390,Joven,100.0
2894286,Joven,100.0
2893156,Joven,100.0
2910262,Joven,100.0
2912481,Adulto,100.0
2907505,Joven,100.0
2871029,Joven,100.0
2906924,Joven,100.0
2896525,Joven,100.0
2885057,Joven,100.0
2916557,Joven,100.0
2876805,Joven,100.0
2887831,Adulto,100.0
2884606,Joven,100.0
2898972,Joven,100.0
2891629,Adulto,100.0
2883153,Adulto,100.0
2893055,Joven,100.0
2898758,Joven,100.0
2896622,Joven,100.0
2914184,Joven,100.0
2879259,Joven,100.0
2897045,Joven,100.0
2895983,Joven,100.0
2877085,Adulto,100.0
2890168,Joven,100.0
2919330,Joven,100.0
2890184,Joven,100.0
2887183,Joven,100.0
2908031,Joven,100.0
2886451,Joven,100.0
2900073,Joven,100.0
2900795,Joven,100.0
2914376,Joven,100.0
2884075,Joven,100.0
2890487,Joven,100.0
2913074,Joven,100.0
2875839,Joven,100.0
2890358,Joven,100.0
2915171,Joven,100.0
2890940,Joven,100.0
2916990,Joven,100.0
2893442,Joven,100.0
2885045,Joven,100.0
2898291,Joven,100.0
2891184,Joven,100.0
2906069,Joven,100.0
2909527,Joven,100.0
2881075,Joven,100.0
2872507,Joven,100.0
2872239,Joven,100.0
2896439,Adulto,100.0
2878074,Joven,100.0
2906052,Joven,100.0
2875132,Joven,100.0
2877031,Joven,100.0
2915802,Adulto,100.0
2919613,Joven,100.0
2901426,Joven,100.0
2872480,Joven,100.0
2909044,Joven,100.0
2890653,Joven,100.0
2881170,Joven,100.0
2911767,Joven,100.0
2906096,Joven,100.0
2875996,Joven,100.0
2879595,Joven,100.0
2894085,Joven,100.0
2887827,Joven,100.0
2904355,Adulto,100.0
2873927,Joven,100.0
2915746,Joven,100.0
2889651,Joven,100.0
2894674,Joven,100.0
2872488,Joven,100.0
2911146,Joven,100.0
2893313,Joven,100.0
2914413,Joven,100.0
2893658,Joven,100.0
2913722,Joven,100.0
2905122,Joven,100.0
2880447,Joven,100.0
2886183,Joven,100.0
2878337,Joven,100.0
2873833,Joven,100.0
2892615,Joven,100.0
2905802,Joven,100.0
2882259,Joven,100.0
2899477,Joven,100.0
2915540,Joven,100.0
2906117,Joven,100.0
2919329,Joven,100.0
2878046,Joven,100.0
2887951,Joven,100.0
2875904,Joven,100.0
2877141,Adulto,100.0
2894018,Joven,100.0
2875008,Joven,100.0
2889163,Joven,100.0
2910635,Joven,100.0
2893168,Joven,100.0
2878720,Adulto,100.0
2902307,Joven,100.0
2876196,Joven,100.0
2886188,Joven,100.0
2875884,Joven,100.0
2897156,Joven,100.0
2890288,Adulto,100.0
2890453,Joven,100.0
2891243,Joven,100.0
2872904,Joven,100.0
2915632,Adulto,100.0
2914144,Joven,100.0
2908441,Joven,100.0
2899131,Joven,100.0
2894763,Joven,100.0
2887832,Joven,100.0
2894341,Joven,100.0
2914002,Joven,100.0
2903634,Joven,100.0
2911281,Joven,100.0
2891772,Joven,100.0
2914355,Joven,100.0
2873595,Joven,100.0
2886215,Joven,100.0
2919148,Adulto,100.0
2907601,Joven,100.0
2913131,Joven,100.0
2915788,Joven,100.0
2917094,Joven,100.0
2901021,Joven,100.0
2878279,Joven,100.0
2916000,Joven,100.0
2916015,Joven,100.0
2874517,Joven,100.0
2884271,Joven,100.0
2905410,Adulto,100.0
2892730,Joven,100.0
2907472,Joven,100.0
2880278,Joven,100.0
2879527,Joven,100.0
2880770,Joven,100.0
2886459,Joven,100.0
2887826,Joven,100.0
2880149,Joven,100.0
2917181,Joven,100.0
2894683,Joven,100.0
2877265,Adulto,100.0
2883259,Joven,100.0
2890675,Joven,100.0
2893152,Adulto,100.0
2910783,Joven,100.0
2899778,Joven,100.0
2910052,Joven,100.0
2902432,Joven,100.0
2915644,Joven,100.0
2903620,Joven,100.0
2896197,Joven,100.0
2892372,Joven,100.0
2883637,Joven,100.0
2902992,Joven,100.0
2883160,Joven,100.0
2918189,Joven,100.0
2883430,Adulto,100.0
2886346,Joven,100.0
2879890,Adulto,100.0
2900831,Joven,100.0
2871843,Joven,100.0
2871780,Joven,100.0
2871703,Joven,100.0
2884258,Joven,100.0
2884351,Joven,100.0
2906535,Joven,100.0
2877960,Joven,100.0
2892502,Joven,100.0
2893722,Joven,100.0
2870294,Joven,100.0
2909576,Joven,100.0
2883599,Joven,100.0
2909740,Joven,100.0
2895559,Joven,100.0
2899657,Joven,100.0
2893435,Joven,100.0
2907119,Joven,100.0
2906936,Joven,100.0
2897074,Joven,100.0
2877261,Joven,100.0
2909033,Joven,100.0
2879277,Joven,100.0
2898064,Joven,100.0
2910573,Joven,100.0
2873062,Joven,100.0
2906278,Joven,100.0
2880316,Joven,100.0
2880912,Joven,100.0
2871303,Joven,100.0
2904623,Joven,100.0
2894506,Joven,100.0
2910823,Joven,100.0
2880774,Joven,100.0
2904078,Adulto,100.0
2904804,Joven,100.0
2911676,Joven,100.0
2881876,Joven,100.0
2919099,Joven,100.0
2876952,Joven,100.0
2872296,Adulto,100.0
2894155,Joven,100.0
2894567,Adulto,100.0
2875689,Joven,100.0
2911880,Joven,100.0
2909165,Joven,100.0
2893488,Joven,100.0
2913488,Joven,100.0
2900065,Joven,100.0
2915851,Joven,100.0
2890567,Joven,100.0
2876215,Joven,100.0
2872362,Adulto,100.0
2899118,Joven,100.0
2882544,Joven,100.0
2899934,Joven,100.0
2909447,Joven,100.0
2886497,Joven,100.0
2885372,Joven,100.0
2874885,Joven,100.0
2910341,Joven,100.0
2909614,Joven,100.0
2880966,Joven,100.0
2877361,Joven,100.0
2876655,Joven,100.0
2886343,Joven,100.0
2917707,Joven,100.0
2899419,Joven,100.0
2877714,Joven,100.0
2907685,Joven,100.0
2915185,Joven,100.0
2906243,Joven,100.0
2897913,Joven,100.0
2903815,Joven,100.0
2917518,Joven,100.0
2912522,Joven,100.0
2918394,Joven,100.0
2900415,Joven,100.0
2883238,Joven,100.0
2902562,Adulto,100.0
2870684,Joven,100.0
2911230,Joven,100.0
2882331,Joven,100.0
2878249,Joven,100.0
2900273,Joven,100.0
2910410,Adulto,100.0
2906488,Joven,100.0
2909070,Joven,100.0
2915028,Joven,100.0
2895399,Joven,100.0
2914236,Joven,100.0
2915192,Joven,100.0
2883738,Joven,100.0
2877490,Joven,100.0
2908785,Joven,100.0
2896603,Joven,100.0
2907230,Joven,100.0
2886809,Adulto,100.0
2912741,Joven,100.0
2873029,Adulto,100.0
2889121,Joven,100.0
2887284,Joven,100.0
2916338,Joven,100.0
2887495,Joven,100.0
2897417,Joven,100.0
2877134,Joven,100.0
2901281,Joven,100.0
2898172,Joven,100.0
2897067,Joven,100.0
2911494,Joven,100.0
2882285,Joven,100.0
2886508,Joven,100.0
2900685,Joven,100.0
2910513,Joven,100.0
2911599,Adulto,100.0
2882194,Joven,100.0
2887239,Joven,100.0
2899686,Joven,100.0
2919577,Joven,100.0
2919725,Joven,100.0
2870431,Joven,100.0
2881567,Joven,100.0
2896765,Adulto,100.0
2876416,Joven,100.0
2889708,Adulto,100.0
2889030,Joven,100.0
2913815,Adulto,100.0
2876269,Joven,100.0
2883279,Joven,100.0
2874417,Joven,100.0
2885175,Joven,100.0
2872870,Joven,100.0
2905145,Joven,100.0
2898623,Joven,100.0
2889721,Joven,100.0
2883910,Joven,100.0
2880520,Joven,100.0
2888830,Joven,100.0
2890275,Joven,100.0
2913775,Joven,100.0
2901379,Joven,100.0
2877192,Joven,100.0
2918004,Joven,100.0
2881649,Joven,100.0
2912129,Joven,100.0
2888354,Joven,100.0
2917872,Joven,100.0
2881276,Joven,100.0
2891158,Joven,100.0
2886428,Joven,100.0
2881139,Joven,100.0
2896293,Joven,100.0
2893969,Joven,100.0
2897614,Joven,100.0
2915930,Adulto,100.0
2915446,Joven,100.0
2871461,Joven,100.0
2918330,Joven,100.0
2882828,Joven,100.0
2878351,Joven,100.0
2898824,Joven,100.0
2900605,Adulto,100.0
2906378,Joven,100.0
2907701,Joven,100.0
2879922,Joven,100.0
2911045,Joven,100.0
2900497,Joven,100.0
2886410,Joven,100.0
2891723,Joven,100.0
2907410,Joven,100.0
2913917,Joven,100.0
2893776,Joven,100.0
2902624,Joven,100.0
2888230,Joven,100.0
2882291,Joven,100.0
2871161,Joven,100.0
2908068,Joven,100.0
2904609,Joven,100.0
2916581,Adulto,100.0
2894274,Joven,100.0
2897885,Joven,100.0
2901630,Adulto,100.0
2910888,Joven,100.0
2875965,Joven,100.0
2893258,Joven,100.0
2879361,Joven,100.0
2910309,Joven,100.0
2888757,Joven,100.0
2902842,Joven,100.0
2878692,Joven,100.0
2874782,Joven,100.0
2914530,Joven,100.0
2918830,Joven,100.0
2887131,Joven,100.0
2898289,Joven,100.0
2874801,Joven,100.0
2874090,Joven,100.0
2875679,Joven,100.0
2901563,Joven,100.0
2871317,Joven,100.0
2880565,Joven,100.0
2901357,Joven,100.0
2878900,Joven,100.0
2886851,Joven,100.0
2894580,Joven,100.0
2872510,Joven,100.0
2883505,Joven,100.0
2897763,Joven,100.0
2908049,Joven,100.0
2893219,Adulto,100.0
2910966,Joven,100.0
2874828,Joven,100.0
2877092,Joven,100.0
2901701,Joven,100.0
2897951,Joven,100.0
2910914,Adulto,100.0
2894212,Adulto,100.0
2897764,Joven,100.0
2877478,Joven,100.0
2892380,Joven,100.0
2903160,Joven,100.0
2897648,Joven,100.0
2893774,Joven,100.0
2892949,Joven,100.0
2874176,Joven,100.0
2914583,Joven,100.0
2916073,Joven,100.0
2905522,Joven,100.0
2908276,Joven,100.0
2870497,Joven,100.0
2904460,Joven,100.0
2896724,Joven,100.0
2896616,Adulto,100.0
2886870,Joven,100.0
2871710,Adulto,100.0
2899506,Joven,100.0
2874224,Joven,100.0
2901347,Joven,100.0
2887325,Joven,100.0
2903733,Joven,100.0
2898992,Joven,100.0
2882918,Joven,100.0
2899135,Joven,100.0
2891930,Adulto,100.0
2894346,Joven,100.0
2914046,Joven,100.0
2872658,Joven,100.0
2917605,Joven,100.0
2907059,Joven,100.0
2915886,Adulto,100.0
2902346,Joven,100.0
2897349,Joven,100.0
2906550,Joven,100.0
2907124,Joven,100.0
2902931,Joven,100.0
2873425,Joven,100.0
2894813,Joven,100.0
2882576,Joven,100.0
2885361,Adulto,100.0
2874425,Joven,100.0
2880571,Joven,100.0
2880072,Joven,100.0
2876741,Joven,100.0
2917760,Joven,100.0
2905667,Joven,100.0
2908789,Joven,100.0
2877514,Joven,100.0
2870418,Joven,100.0
2902889,Joven,100.0
2893529,Joven,100.0
2870784,Joven,100.0
2886808,Joven,100.0
2897894,Adulto,100.0
2879872,Adulto,100.0
2887927,Joven,100.0
2896322,Joven,100.0
2885813,Joven,100.0
2887942,Joven,100.0
2880361,Joven,100.0
2893639,Joven,100.0
2906664,Adulto,100.0
2905468,Joven,100.0
2884608,Joven,100.0
2905105,Joven,100.0
2882783,Joven,100.0
2897409,Joven,100.0
2870093,Adulto,100.0
2904470,Joven,100.0
2893551,Joven,100.0
2905363,Joven,100.0
2876066,Joven,100.0
2899382,Joven,100.0
2897949,Joven,100.0
2881926,Joven,100.0
2885537,Joven,100.0
2893621,Joven,100.0
2878859,Joven,100.0
2873549,Joven,100.0
2914353,Joven,100.0
2888990,Joven,100.0
2918216,Joven,100.0
2881736,Joven,100.0
2917753,Joven,100.0
2898089,Joven,100.0
2910195,Joven,100.0
2913578,Joven,100.0
2893326,Joven,100.0
2875960,Joven,100.0
2892419,Adulto,100.0
2875961,Joven,100.0
2897078,Joven,100.0
2889284,Joven,100.0
2883426,Joven,100.0
2917083,Joven,100.0
2912400,Joven,100.0
2886238,Joven,100.0
2900400,Joven,100.0
2899447,Joven,100.0
2919155,Adulto,100.0
2881919,Joven,100.0
2919833,Joven,100.0
2905828,Joven,100.0
2893444,Joven,100.0
2902923,Joven,100.0
2882812,Joven,100.0
2895741,Joven,100.0
2917910,Joven,100.0
2894344,Joven,100.0
2914765,Joven,100.0
2877902,Joven,100.0
2880011,Joven,100.0
2886416,Adulto,100.0
2884767,Joven,100.0
2887462,Joven,100.0
2876119,Adulto,100.0
2911722,Joven,100.0
2877136,Adulto,100.0
2892720,Joven,100.0
2907044,Joven,100.0
2911412,Joven,100.0
2897639,Adulto,100.0
2892985,Joven,100.0
2873430,Joven,100.0
2918362,Joven,100.0
2877783,Adulto,100.0
2917547,Joven,100.0
2915482,Joven,100.0
2908715,Joven,100.0
2919679,Joven,100.0
2898459,Joven,100.0
2918668,Joven,100.0
2913783,Joven,100.0
2871902,Joven,100.0
2919491,Joven,100.0
2874012,Adulto,100.0
2886925,Joven,100.0
2877866,Joven,100.0
2893355,Joven,100.0
2909559,Joven,100.0
2882011,Adulto,100.0
2879754,Joven,100.0
2918631,Joven,100.0
2914319,Joven,100.0
2887273,Joven,100.0
2876064,Adulto,100.0
2898772,Joven,100.0
2909416,Joven,100.0
2917680,Joven,100.0
2889938,Adulto,100.0
2877112,Joven,100.0
2883578,Adulto,100.0
2876274,Joven,100.0
2907018,Adulto,100.0
2881550,Joven,100.0
2914317,Joven,100.0
2908046,Joven,100.0
2907085,Joven,100.0
2877287,Joven,100.0
2889006,Joven,100.0
2888618,Joven,100.0
2910613,Joven,100.0
2885957,Joven,100.0
2912919,Joven,100.0
2872263,Joven,100.0
2872122,Joven,100.0
2895437,Joven,100.0
2888243,Joven,100.0
2873966,Joven,100.0
2915138,Joven,100.0
2890690,Joven,100.0
2871669,Joven,100.0
2895804,Joven,100.0
2896273,Joven,100.0
2890343,Joven,100.0
2914005,Joven,100.0
2874531,Joven,100.0
2883231,Joven,100.0
2900306,Joven,100.0
2879835,Joven,100.0
2894783,Adulto,100.0
2906365,Joven,100.0
2894550,Joven,100.0
2878333,Joven,100.0
2904761,Joven,100.0
2912206,Joven,100.0
2910441,Adulto,100.0
2913347,Joven,100.0
2912739,Joven,100.0
2917278,Adulto,100.0
2911271,Joven,100.0
2903111,Joven,100.0
2880911,Adulto,100.0
2916270,Joven,100.0
2895100,Adulto,100.0
2889313,Joven,100.0
2886150,Joven,100.0
2915680,Joven,100.0
2897768,Joven,100.0
2882273,Joven,100.0
2896780,Joven,100.0
2874147,Joven,100.0
2892916,Joven,100.0
2886759,Joven,100.0
2892034,Joven,100.0
2881943,Joven,100.0
2872454,Joven,100.0
2918972,Joven,100.0
2876903,Joven,100.0
2895032,Joven,100.0
2885305,Joven,100.0
2915147,Joven,100.0
2877850,Joven,100.0
2913587,Joven,100.0
2879186,Joven,100.0
2880946,Joven,100.0
2893927,Joven,100.0
2895660,Joven,100.0
2906997,Joven,100.0
2914734,Joven,100.0
2895222,Joven,100.0
2916806,Joven,100.0
2906896,Joven,100.0
2918205,Joven,100.0
2899717,Adulto,100.0
2879808,Joven,100.0
2883194,Joven,100.0
2912189,Adulto,100.0
2900230,Joven,100.0
2878043,Joven,100.0
2877043,Joven,100.0
2873093,Joven,100.0
2887852,Joven,100.0
2894848,Joven,100.0
2898120,Joven,100.0
2881734,Joven,100.0
2905585,Joven,100.0
2910137,Joven,100.0
2873332,Joven,100.0
2912616,Joven,100.0
2890923,Joven,100.0
2878227,Joven,100.0
2883831,Joven,100.0
2895554,Joven,100.0
2893791,Adulto,100.0
2903905,Adulto,100.0
2877306,Joven,100.0
2880757,Joven,100.0
2902564,Joven,100.0
2880029,Joven,100.0
2888636,Joven,100.0
2871105,Adulto,100.0
2883792,Joven,100.0
2908011,Joven,100.0
2874208,Joven,100.0
2909657,Joven,100.0
2877843,Joven,100.0
2913003,Joven,100.0
2873006,Adulto,100.0
2912518,Joven,100.0
2908162,Joven,100.0
2917509,Joven,100.0
2879931,Adulto,100.0
2890438,Joven,100.0
2898462,Joven,100.0
2901008,Joven,100.0
2889516,Joven,100.0
2884609,Joven,100.0
2915178,Joven,100.0
2875272,Joven,100.0
2897853,Joven,100.0
2886216,Joven,100.0
2895479,Joven,100.0
2911905,Joven,100.0
2901508,Joven,100.0
2911108,Joven,100.0
2896003,Joven,100.0
2875082,Joven,100.0
2876065,Joven,100.0
2897734,Joven,100.0
2875671,Joven,100.0
2903753,Joven,100.0
2897452,Joven,100.0
2888055,Joven,100.0
2904144,Joven,100.0
2907193,Joven,100.0
2886122,Joven,100.0
2908758,Joven,100.0
2891235,Joven,100.0
2895122,Joven,100.0
2875521,Adulto,100.0
2900103,Joven,100.0
2900973,Joven,100.0
2871356,Joven,100.0
2899779,Joven,100.0
2872300,Joven,100.0
2887775,Joven,100.0
2915228,Joven,100.0
2872343,Adulto,100.0
2914268,Adulto,100.0
2916912,Joven,100.0
2883711,Joven,100.0
2873551,Joven,100.0
2899708,Joven,100.0
2873283,Joven,100.0
2899365,Joven,100.0
2892081,Joven,100.0
2883660,Adulto,100.0
2895802,Joven,100.0
2915396,Joven,100.0
2870219,Joven,100.0
2916149,Joven,100.0
2884984,Joven,100.0
2897305,Joven,100.0
2902228,Joven,100.0
2904568,Joven,100.0
2887381,Joven,100.0
2891122,Joven,100.0
2908864,Joven,100.0
2877424,Joven,100.0
2878444,Joven,100.0
2890412,Joven,100.0
2885984,Joven,100.0
2911598,Joven,100.0
2876841,Joven,100.0
2884982,Joven,100.0
2890170,Joven,100.0
2870407,Joven,100.0
2872707,Joven,100.0
2877872,Joven,100.0
2883278,Joven,100.0
2918933,Joven,100.0
2889987,Joven,100.0
2892312,Joven,100.0
2897743,Joven,100.0
2898214,Adulto,100.0
2875505,Joven,100.0
2885179,Joven,100.0
2871550,Joven,100.0
2873655,Adulto,100.0
2909718,Adulto,100.0
2883820,Adulto,100.0
2877949,Joven,100.0
2903920,Joven,100.0
2909413,Joven,100.0
2875253,Joven,100.0
2876431,Joven,100.0
2906890,Joven,100.0
2907036,Joven,100.0
2896852,Joven,100.0
2895317,Joven,100.0
2906290,Adulto,100.0
2888286,Joven,100.0
2875939,Joven,100.0
2908641,Joven,100.0
2890214,Joven,100.0
2875471,Adulto,100.0
2877182,Joven,100.0
2903482,Joven,100.0
2881151,Joven,100.0
2905546,Adulto,100.0
2903748,Joven,100.0
2882092,Joven,100.0
2905558,Joven,100.0
2915681,Joven,100.0
2879265,Joven,100.0
2899709,Adulto,100.0
2894798,Adulto,100.0
2885978,Joven,100.0
2876865,Adulto,100.0
2888492,Joven,100.0
2894192,Joven,100.0
2910712,Joven,100.0
2896682,Joven,100.0
2916674,Joven,100.0
2889106,Joven,100.0
2900930,Adulto,100.0
2906737,Joven,100.0
2906537,Joven,100.0
2871883,Joven,100.0
2870296,Joven,100.0
2875651,Joven,100.0
2917692,Joven,100.0
2914409,Joven,100.0
2908536,Joven,100.0
2913684,Joven,100.0
2917137,Joven,100.0
2877919,Joven,100.0
2900015,Joven,100.0
2877295,Joven,100.0
2905817,Adulto,100.0
2892140,Joven,100.0
2899542,Joven,100.0
2874862,Joven,100.0
2883324,Adulto,100.0
2918024,Joven,100.0
2889748,Joven,100.0
2910536,Joven,100.0
2907802,Joven,100.0
2908741,Joven,100.0
2915472,Joven,100.0
2886661,Joven,100.0
2914772,Joven,100.0
2879618,Joven,100.0
2904813,Joven,100.0
2883887,Adulto,100.0
2909783,Joven,100.0
2897398,Joven,100.0
2912731,Adulto,100.0
2908188,Joven,100.0
2871851,Joven,100.0
2895417,Joven,100.0
2896762,Joven,100.0
2889921,Joven,100.0
2885638,Adulto,100.0
2870405,Joven,100.0
2877958,Joven,100.0
2910983,Joven,100.0
2889762,Joven,100.0
2896739,Joven,100.0
2907510,Joven,100.0
2881925,Joven,100.0
2898628,Joven,100.0
2893282,Joven,100.0
2913439,Joven,100.0
2883131,Joven,100.0
2910283,Joven,100.0
2872086,Joven,100.0
2879735,Joven,100.0
2893660,Joven,100.0
2886913,Joven,100.0
2872315,Joven,100.0
2918564,Joven,100.0
2881932,Joven,100.0
2883169,Joven,100.0
2873972,Joven,100.0
2879090,Joven,100.0
2871492,Joven,100.0
2889203,Joven,100.0
2903161,Joven,100.0
2917693,Joven,100.0
2875946,Joven,100.0
2873401,Adulto,100.0
2876760,Joven,100.0
2871083,Joven,100.0
2913805,Adulto,100.0
2917611,Joven,100.0
2897286,Joven,100.0
2884710,Joven,100.0
2873142,Joven,100.0
2892689,Adulto,100.0
2886555,Joven,100.0
2877533,Joven,100.0
2874326,Joven,100.0
2908177,Joven,100.0
2904606,Joven,100.0
2883247,Joven,100.0
2911196,Joven,100.0
2913419,Joven,100.0
2917081,Joven,100.0
2873063,Joven,100.0
2907716,Joven,100.0
2873799,Joven,100.0
2878744,Joven,100.0
2891564,Joven,100.0
2913270,Joven,100.0
2897143,Joven,100.0
2905101,Joven,100.0
2892089,Joven,100.0
2878109,Joven,100.0
2877211,Joven,100.0
2874284,Joven,100.0
2900044,Joven,100.0
2910752,Joven,100.0
2871425,Adulto,100.0
2886982,Joven,100.0
2910140,Joven,100.0
2888274,Joven,100.0
2894757,Adulto,100.0
2871352,Joven,100.0
2872744,Joven,100.0
2913367,Adulto,100.0
2882430,Joven,100.0
2909471,Adulto,100.0
2876465,Joven,100.0
2896303,Adulto,100.0
2873028,Joven,100.0
2878795,Joven,100.0
2910719,Joven,100.0
2919109,Joven,100.0
2909491,Joven,100.0
2889689,Adulto,100.0
2905484,Joven,100.0
2899055,Joven,100.0
2884543,Joven,100.0
2915580,Joven,100.0
2877885,Joven,100.0
2870872,Joven,100.0
2877109,Joven,100.0
2881059,Joven,100.0
2916076,Adulto,100.0
2907579,Joven,100.0
2892468,Joven,100.0
2916625,Joven,100.0
2880916,Joven,100.0
2912336,Adulto,100.0
2899722,Joven,100.0
2879915,Joven,100.0
2877816,Joven,100.0
2885334,Joven,100.0
2882743,Joven,100.0
2906389,Adulto,100.0
2896754,Joven,100.0
2888193,Joven,100.0
2879262,Joven,100.0
2895913,Joven,100.0
2881698,Joven,100.0
2901723,Joven,100.0
2895499,Joven,100.0
2919969,Joven,100.0
2900530,Joven,100.0
2872788,Joven,100.0
2899663,Joven,100.0
2905325,Joven,100.0
2918609,Joven,100.0
2890304,Joven,100.0
2910279,Joven,100.0
2887678,Joven,100.0
2884079,Joven,100.0
2914382,Joven,100.0
2901270,Joven,100.0
2910507,Joven,100.0
2887896,Joven,100.0
2917111,Joven,100.0
2902321,Joven,100.0
2884128,Joven,100.0
2893766,Joven,100.0
2910997,Joven,100.0
2881779,Joven,100.0
2911358,Joven,100.0
2882123,Joven,100.0
2908561,Joven,100.0
2884374,Joven,100.0
2880141,Joven,100.0
2887567,Joven,100.0
2908522,Joven,100.0
2903241,Joven,100.0
2908705,Joven,100.0
2916018,Joven,100.0
2911341,Joven,100.0
2909118,Joven,100.0
2879013,Joven,100.0
2919127,Joven,100.0
2914718,Adulto,100.0
2882353,Adulto,100.0
2886060,Joven,100.0
2897516,Joven,100.0
2898326,Joven,100.0
2900736,Joven,100.0
2891651,Joven,100.0
2906707,Joven,100.0
2881176,Joven,100.0
2904960,Joven,100.0
2885815,Joven,100.0
2911886,Joven,100.0
2918473,Adulto,100.0
2906127,Adulto,100.0
2875221,Joven,100.0
2894093,Joven,100.0
2901285,Adulto,100.0
2887700,Joven,100.0
2885575,Joven,100.0
2915517,Joven,100.0
2914453,Joven,100.0
2907818,Joven,100.0
2904660,Joven,100.0
2886175,Joven,100.0
2871088,Joven,100.0
2913432,Joven,100.0
2898371,Joven,100.0
2902138,Joven,100.0
2876886,Joven,100.0
2886402,Joven,100.0
2918950,Joven,100.0
2888280,Joven,100.0
2907463,Joven,100.0
2871046,Joven,100.0
2873196,Joven,100.0
2906775,Joven,100.0
2894642,Joven,100.0
2885925,Joven,100.0
2874186,Joven,100.0
2892397,Joven,100.0
2911689,Joven,100.0
2900312,Joven,100.0
2899910,Joven,100.0
2902995,Joven,100.0
2875096,Joven,100.0
2895878,Joven,100.0
2895778,Joven,100.0
2918298,Joven,100.0
2877712,Adulto,100.0
2904463,Adulto,100.0
2894993,Joven,100.0
2896877,Adulto,100.0
2914942,Joven,100.0
2896542,Joven,100.0
2905006,Joven,100.0
2890363,Joven,100.0
2882823,Joven,100.0
2895815,Joven,100.0
2893332,Adulto,100.0
2870290,Joven,100.0
2886204,Joven,100.0
2888292,Joven,100.0
2894309,Joven,100.0
2895208,Joven,100.0
2908912,Joven,100.0
2911352,Joven,100.0
2897777,Adulto,100.0
2872590,Joven,100.0
2919701,Joven,100.0
2910786,Joven,100.0
2888013,Joven,100.0
2917245,Joven,100.0
2874646,Joven,100.0
2910624,Adulto,100.0
2887502,Joven,100.0
2882070,Joven,100.0
2904226,Joven,100.0
2880182,Joven,100.0
2890778,Joven,100.0
2909610,Joven,100.0
2906772,Joven,100.0
2881125,Joven,100.0
2889922,Joven,100.0
2907826,Joven,100.0
2872371,Joven,100.0
2915694,Joven,100.0
2875959,Joven,100.0
2909464,Adulto,100.0
2898500,Joven,100.0
2908855,Joven,100.0
2910963,Joven,100.0
2888418,Joven,100.0
2880038,Joven,100.0
2907056,Joven,100.0
2909921,Joven,100.0
2910039,Joven,100.0
2871942,Joven,100.0
2913394,Joven,100.0
2871584,Joven,100.0
2875762,Joven,100.0
2913399,Joven,100.0
2911953,Joven,100.0
2890283,Joven,100.0
2898902,Joven,100.0
2891791,Joven,100.0
2911085,Joven,100.0
2872855,Joven,100.0
2882740,Joven,100.0
2872978,Joven,100.0
2907596,Joven,100.0
2910557,Joven,100.0
2908753,Joven,100.0
2873477,Joven,100.0
2883121,Joven,100.0
2894328,Joven,100.0
2913080,Joven,100.0
2887456,Adulto,100.0
2897324,Adulto,100.0
2876882,Joven,100.0
2912127,Joven,100.0
2914042,Joven,100.0
2885088,Joven,100.0
2889249,Joven,100.0
2883467,Joven,100.0
2886342,Joven,100.0
2894343,Joven,100.0
2874997,Joven,100.0
2909061,Joven,100.0
2918337,Joven,100.0
2893042,Joven,100.0
2881735,Adulto,100.0
2889872,Joven,100.0
2897778,Joven,100.0
2901916,Joven,100.0
2902745,Adulto,100.0
2897245,Joven,100.0
2905075,Joven,100.0
2913907,Joven,100.0
2887666,Joven,100.0
2878506,Joven,100.0
2890784,Adulto,100.0
2901164,Adulto,100.0
2890971,Joven,100.0
2876058,Joven,100.0
2913701,Joven,100.0
2881801,Adulto,100.0
2906426,Joven,100.0
2911288,Joven,100.0
2914133,Adulto,100.0
2918649,Joven,100.0
2902951,Joven,100.0
2893404,Joven,100.0
2911516,Joven,100.0
2890198,Adulto,100.0
2911833,Adulto,100.0
2902036,Joven,100.0
2877491,Joven,100.0
2905058,Joven,100.0
2898261,Joven,100.0
2895606,Joven,100.0
2912397,Joven,100.0
2896192,Joven,100.0
2914625,Joven,100.0
2898466,Adulto,100.0
2890860,Joven,100.0
2874017,Joven,100.0
2914935,Adulto,100.0
2903433,Joven,100.0
2879737,Joven,100.0
2892762,Joven,100.0
2919957,Joven,100.0
2899263,Joven,100.0
2905163,Joven,100.0
2913124,Joven,100.0
2875936,Joven,100.0
2906850,Joven,100.0
2870481,Adulto,100.0
2870746,Joven,100.0
2892250,Adulto,100.0
2874178,Joven,100.0
2919570,Joven,100.0
2904923,Adulto,100.0
2914751,Adulto,100.0
2873149,Joven,100.0
2915696,Joven,100.0
2882040,Joven,100.0
2892724,Joven,100.0
2916110,Joven,100.0
2889303,Joven,100.0
2891226,Joven,100.0
2902989,Joven,100.0
2893704,Joven,100.0
2876789,Joven,100.0
2914117,Adulto,100.0
2909263,Joven,100.0
2880546,Joven,100.0
2905980,Joven,100.0
2881168,Adulto,100.0
2884483,Joven,100.0
2900837,Joven,100.0
2881675,Joven,100.0
2919991,Joven,100.0
2892732,Joven,100.0
2882449,Joven,100.0
2890597,Joven,100.0
2875382,Joven,100.0
2895839,Joven,100.0
2907949,Joven,100.0
2909688,Adulto,100.0
2919360,Joven,100.0
2895251,Joven,100.0
2897842,Joven,100.0
2899059,Joven,100.0
2908364,Joven,100.0
2898993,Joven,100.0
2915064,Joven,100.0
2899449,Joven,100.0
2911727,Joven,100.0
2897284,Joven,100.0
2909547,Joven,100.0
2899423,Joven,100.0
2887245,Joven,100.0
2890685,Joven,100.0
2916633,Joven,100.0
2889755,Joven,100.0
2889273,Joven,100.0
2899950,Joven,100.0
2905481,Joven,100.0
2871287,Joven,100.0
2875563,Adulto,100.0
2883059,Joven,100.0
2879092,Joven,100.0
2882526,Joven,100.0
2888546,Joven,100.0
2887903,Joven,100.0
2889834,Joven,100.0
2875981,Joven,100.0
2886237,Adulto,100.0
2899809,Adulto,100.0
2872984,Joven,100.0
2907529,Joven,100.0
2913880,Joven,100.0
2914280,Joven,100.0
2908074,Joven,100.0
2888510,Joven,100.0
2870116,Joven,100.0
2900885,Joven,100.0
2882378,Adulto,100.0
2892876,Joven,100.0
2899628,Joven,100.0
2904517,Joven,100.0
2877959,Joven,100.0
2870736,Joven,100.0
2888441,Joven,100.0
2906453,Joven,100.0
2877660,Joven,100.0
2902283,Joven,100.0
2880168,Joven,100.0
2916648,Joven,100.0
2888578,Joven,100.0
2914401,Joven,100.0
2902023,Joven,100.0
2904527,Joven,100.0
2879867,Joven,100.0
2872974,Joven,100.0
2876077,Joven,100.0
2870289,Joven,100.0
2912144,Joven,100.0
2914534,Joven,100.0
2873362,Joven,100.0
2874440,Joven,100.0
2872374,Adulto,100.0
2887399,Joven,100.0
2909815,Joven,100.0
2870329,Joven,100.0
2888744,Joven,100.0
2884743,Joven,100.0
2906199,Joven,100.0
2897712,Joven,100.0
2887083,Joven,100.0
2902755,Joven,100.0
2910015,Joven,100.0
2870314,Joven,100.0
2912610,Joven,100.0
2910522,Joven,100.0
2908634,Joven,100.0
2874207,Joven,100.0
2893206,Joven,100.0
2886439,Adulto,100.0
2911480,Joven,100.0
2897564,Joven,100.0
2912632,Joven,100.0
2870148,Adulto,100.0
2898513,Joven,100.0
2900064,Joven,100.0
2902136,Adulto,100.0
2883719,Joven,100.0
2916969,Joven,100.0
2883177,Joven,100.0
2875770,Adulto,100.0
2899063,Joven,100.0
2917808,Adulto,100.0
2919937,Joven,100.0
2911799,Joven,100.0
2873268,Joven,100.0
2873262,Joven,100.0
2910927,Joven,100.0
2906379,Joven,100.0
2887264,Joven,100.0
2912688,Joven,100.0
2887031,Joven,100.0
2895672,Joven,100.0
2878010,Joven,100.0
2916614,Joven,100.0
2905649,Joven,100.0
2892765,Adulto,100.0
2882719,Joven,100.0
2879389,Joven,100.0
2896361,Joven,100.0
2899996,Joven,100.0
2895194,Joven,100.0
2911624,Joven,100.0
2888725,Joven,100.0
2875500,Adulto,100.0
2905319,Joven,100.0
2905643,Joven,100.0
2902129,Adulto,100.0
2898829,Joven,100.0
2885023,Joven,100.0
2885451,Adulto,100.0
2884224,Joven,100.0
2898208,Joven,100.0
2885705,Adulto,100.0
2891786,Joven,100.0
2917985,Joven,100.0
2905147,Joven,100.0
2872929,Joven,100.0
2905079,Joven,100.0
2905803,Joven,100.0
2914165,Adulto,100.0
2871386,Joven,100.0
2873609,Joven,100.0
2893939,Adulto,100.0
2895903,Joven,100.0
2894381,Joven,100.0
2890766,Joven,100.0
2904053,Joven,100.0
2879357,Joven,100.0
2895193,Joven,100.0
2885324,Joven,100.0
2910201,Joven,100.0
2890587,Joven,100.0
2897083,Joven,100.0
2901409,Joven,100.0
2895556,Joven,100.0
2919938,Joven,100.0
2918687,Joven,100.0
2904252,Joven,100.0
2874590,Joven,100.0
2903364,Joven,100.0
2899666,Adulto,100.0
2899624,Joven,100.0
2917188,Joven,100.0
2894791,Joven,100.0
2873176,Joven,100.0
2889487,Joven,100.0
2871514,Joven,100.0
2917134,Adulto,100.0
2896552,Joven,100.0
2911794,Joven,100.0
2878698,Joven,100.0
2908734,Joven,100.0
2894158,Joven,100.0
2893405,Joven,100.0
2881923,Joven,100.0
2917888,Joven,100.0
2895052,Joven,100.0
2914766,Joven,100.0
2878806,Joven,100.0
2877468,Joven,100.0
2897307,Joven,100.0
2891231,Joven,100.0
2915478,Joven,100.0
2911952,Joven,100.0
2912514,Joven,100.0
2890165,Joven,100.0
2911239,Joven,100.0
2913127,Joven,100.0
2916993,Joven,100.0
2892176,Adulto,100.0
2900082,Joven,100.0
2912453,Joven,100.0
2906228,Joven,100.0
2892003,Joven,100.0
2872616,Joven,100.0
2894638,Joven,100.0
2883906,Joven,100.0
2891337,Joven,100.0
2892782,Joven,100.0
2870422,Joven,100.0
2884233,Joven,100.0
2894569,Joven,100.0
2908172,Joven,100.0
2911813,Joven,100.0
2890281,Joven,100.0
2889099,Joven,100.0
2891982,Joven,100.0
2872926,Joven,100.0
2898085,Joven,100.0
2872460,Joven,100.0
2871302,Joven,100.0
2913704,Joven,100.0
2877638,Joven,100.0
2904202,Joven,100.0
2880167,Adulto,100.0
2881106,Joven,100.0
2894395,Joven,100.0
2877225,Joven,100.0
2903759,Adulto,100.0
2872863,Joven,100.0
2891320,Joven,100.0
2883138,Joven,100.0
2882416,Joven,100.0
2894608,Joven,100.0
2887514,Joven,100.0
2875886,Joven,100.0
2882688,Joven,100.0
2889130,Joven,100.0
2899581,Joven,100.0
2883144,Joven,100.0
2906620,Joven,100.0
2918954,Joven,100.0
2876125,Joven,100.0
2898083,Joven,100.0
2914270,Adulto,100.0
2900448,Joven,100.0
2914913,Joven,100.0
2874249,Joven,100.0
2918637,Joven,100.0
2908181,Joven,100.0
2880736,Joven,100.0
2896186,Adulto,100.0
2911178,Joven,100.0
2897634,Joven,100.0
2894091,Joven,100.0
2900890,Joven,100.0
2902679,Joven,100.0
2911852,Joven,100.0
2876289,Joven,100.0
2913685,Joven,100.0
2894904,Adulto,100.0
2897524,Joven,100.0
2911129,Adulto,100.0
2917650,Joven,100.0
2885105,Joven,100.0
2872393,Joven,100.0
2912497,Joven,100.0
2913179,Joven,100.0
2889017,Adulto,100.0
2897366,Joven,100.0
2872043,Joven,100.0
2905096,Joven,100.0
2878391,Joven,100.0
2895151,Adulto,100.0
2877588,Adulto,100.0
2906370,Joven,100.0
2917896,Joven,100.0
2884580,Joven,100.0
2892234,Joven,100.0
2898796,Joven,100.0
2872605,Adulto,100.0
2874157,Joven,100.0
2911198,Joven,100.0
2878800,Joven,100.0
2883990,Joven,100.0
2898808,Joven,100.0
2882511,Joven,100.0
2881520,Joven,100.0
2883787,Joven,100.0
2887181,Adulto,100.0
2890354,Joven,100.0
2897301,Joven,100.0
2884971,Adulto,100.0
2908543,Joven,100.0
2875183,Joven,100.0
2908114,Joven,100.0
2915347,Joven,100.0
2891152,Joven,100.0
2917104,Joven,100.0
2874023,Joven,100.0
2911651,Adulto,100.0
2906893,Joven,100.0
2900920,Joven,100.0
2916925,Adulto,100.0
2892888,Joven,100.0
2884236,Joven,100.0
2870330,Adulto,100.0
2911616,Joven,100.0
2915979,Adulto,100.0
2906858,Joven,100.0
2900515,Joven,100.0
2874986,Joven,100.0
2889425,Adulto,100.0
2889028,Joven,100.0
2884907,Joven,100.0
2908847,Joven,100.0
2909383,Adulto,100.0
2885734,Joven,100.0
2911347,Joven,100.0
2902084,Joven,100.0
2886802,Joven,100.0
2888536,Joven,100.0
2872477,Joven,100.0
2892819,Joven,100.0
2892118,Joven,100.0
2872596,Joven,100.0
2873853,Joven,100.0
2911286,Joven,100.0
2913621,Joven,100.0
2872450,Joven,100.0
2875414,Joven,100.0
2899280,Joven,100.0
2895171,Joven,100.0
2899177,Adulto,100.0
2917007,Adulto,100.0
2900020,Joven,100.0
2876624,Joven,100.0
2902507,Joven,100.0
2891166,Joven,100.0
2902127,Joven,100.0
2894177,Adulto,100.0
2890849,Joven,100.0
2885878,Joven,100.0
2912378,Joven,100.0
2915633,Joven,100.0
2898900,Joven,100.0
2892049,Joven,100.0
2904785,Joven,100.0
2887759,Joven,100.0
2880493,Joven,100.0
2871973,Joven,100.0
2876678,Adulto,100.0
2880004,Joven,100.0
2889537,Joven,100.0
2893151,Joven,100.0
2890697,Joven,100.0
2894894,Joven,100.0
2893336,Joven,100.0
2877909,Joven,100.0
2894594,Adulto,100.0
2880516,Joven,100.0
2872724,Joven,100.0
2882623,Adulto,100.0
2897097,Joven,100.0
2918703,Joven,100.0
2911221,Joven,100.0
2901648,Joven,100.0
2913540,Adulto,100.0
2912020,Adulto,100.0
2894015,Joven,100.0
2910553,Joven,100.0
2884477,Joven,100.0
2871995,Adulto,100.0
2914793,Joven,100.0
2919170,Joven,100.0
2875059,Joven,100.0
2907655,Joven,100.0
2874019,Joven,100.0
2887902,Joven,100.0
2899247,Joven,100.0
2879085,Joven,100.0
2872158,Joven,100.0
2899407,Joven,100.0
2892253,Joven,100.0
2891332,Joven,100.0
2877070,Joven,100.0
2870338,Joven,100.0
2908167,Joven,100.0
2906167,Joven,100.0
2910095,Joven,100.0
2915197,Joven,100.0
2907688,Joven,100.0
2898594,Joven,100.0
2880919,Joven,100.0
2898886,Joven,100.0
2881856,Joven,100.0
2901922,Joven,100.0
2906948,Joven,100.0
2875602,Joven,100.0
2874827,Joven,100.0
2906812,Joven,100.0
2875958,Joven,100.0
2917664,Joven,100.0
2914215,Joven,100.0
2890233,Joven,100.0
2908562,Joven,100.0
2885750,Joven,100.0
2906822,Joven,100.0
2898021,Joven,100.0
2887135,Adulto,100.0
2878446,Joven,100.0
2900742,Joven,100.0
2912433,Joven,100.0
2874038,Joven,100.0
2875186,Joven,100.0
2871177,Joven,100.0
2873608,Joven,100.0
2881746,Joven,100.0
2897199,Joven,100.0
2892309,Joven,100.0
2899742,Joven,100.0
2887918,Joven,100.0
2904019,Joven,100.0
2909490,Joven,100.0
2886843,Joven,100.0
2882055,Adulto,100.0
2882220,Joven,100.0
2878434,Joven,100.0
2911300,Joven,100.0
2877764,Joven,100.0
2874155,Joven,100.0
2898024,Joven,100.0
2900368,Joven,100.0
2883956,Joven,100.0
2888362,Joven,100.0
2885269,Joven,100.0
2873792,Joven,100.0
2879104,Adulto,100.0
2905870,Joven,100.0
2895632,Adulto,100.0
2918074,Joven,100.0
2884492,Joven,100.0
2875545,Joven,100.0
2917240,Joven,100.0
2883752,Joven,100.0
2909828,Joven,100.0
2870026,Joven,100.0
2899800,Joven,100.0
2878129,Joven,100.0
2904191,Joven,100.0
2886602,Joven,100.0
2919718,Joven,100.0
2882730,Joven,100.0
2883445,Joven,100.0
2885287,Joven,100.0
2910395,Joven,100.0
2898801,Adulto,100.0
2878165,Joven,100.0
2911803,Joven,100.0
2903195,Joven,100.0
2919564,Joven,100.0
2875257,Joven,100.0
2886896,Joven,100.0
2878432,Joven,100.0
2871211,Joven,100.0
2870573,Joven,100.0
2910813,Adulto,100.0
2873404,Joven,100.0
2902820,Joven,100.0
2917624,Joven,100.0
2871536,Adulto,100.0
2885241,Joven,100.0
2914208,Joven,100.0
2873241,Joven,100.0
2892050,Joven,100.0
2900721,Joven,100.0
2880646,Joven,100.0
2873637,Joven,100.0
2918569,Joven,100.0
2894252,Adulto,100.0
2885805,Adulto,100.0
2877627,Joven,100.0
2874909,Joven,100.0
2901315,Adulto,100.0
2895535,Joven,100.0
2901283,Joven,100.0
2914643,Joven,100.0
2905431,Joven,100.0
2879561,Joven,100.0
2913153,Joven,100.0
2877395,Joven,100.0
2888002,Joven,100.0
2901467,Joven,100.0
2893130,Adulto,100.0
2874352,Joven,100.0
2904783,Joven,100.0
2872152,Joven,100.0
2910912,Joven,100.0
2912170,Joven,100.0
2885727,Joven,100.0
2895530,Joven,100.0
2896496,Joven,100.0
2912707,Joven,100.0
2914149,Joven,100.0
2879837,Joven,100.0
2906442,Joven,100.0
2919208,Joven,100.0
2914597,Joven,100.0
2912898,Joven,100.0
2918423,Joven,100.0
2907024,Joven,100.0
2892756,Joven,100.0
2900576,Joven,100.0
2896462,Joven,100.0
2896806,Joven,100.0
2880743,Joven,100.0
2894368,Joven,100.0
2871983,Joven,100.0
2917758,Joven,100.0
2883960,Adulto,100.0
2882081,Joven,100.0
2894983,Joven,100.0
2891933,Joven,100.0
2895537,Joven,100.0
2884455,Joven,100.0
2894744,Joven,100.0
2872963,Joven,100.0
2915262,Joven,100.0
2887054,Joven,100.0
2879492,Joven,100.0
2905057,Joven,100.0
2881774,Joven,100.0
2911921,Joven,100.0
2872021,Joven,100.0
2898087,Joven,100.0
2891745,Joven,100.0
2871416,Joven,100.0
2880745,Joven,100.0
2879570,Joven,100.0
2907698,Adulto,100.0
2890519,Joven,100.0
2901564,Joven,100.0
2916319,Joven,100.0
2876225,Joven,100.0
2906777,Joven,100.0
2896761,Joven,100.0
2908120,Adulto,100.0
2907444,Joven,100.0
2911243,Joven,100.0
2911593,Joven,100.0
2909679,Joven,100.0
2882916,Adulto,100.0
2903850,Adulto,100.0
2896453,Joven,100.0
2907144,Joven,100.0
2918242,Joven,100.0
2903581,Joven,100.0
2899459,Joven,100.0
2889495,Joven,100.0
2918352,Joven,100.0
2918984,Joven,100.0
2887836,Joven,100.0
2885265,Joven,100.0
2880294,Joven,100.0
2915809,Joven,100.0
2873771,Joven,100.0
2874441,Joven,100.0
2870501,Joven,100.0
2891596,Joven,100.0
2911928,Joven,100.0
2896194,Joven,100.0
2911047,Joven,100.0
2912808,Joven,100.0
2885587,Joven,100.0
2892037,Joven,100.0
2875282,Adulto,100.0
2896139,Joven,100.0
2871324,Adulto,100.0
2884598,Joven,100.0
2900504,Joven,100.0
2910244,Joven,100.0
2896148,Adulto,100.0
2917008,Joven,100.0
2910460,Joven,100.0
2904914,Joven,100.0
2887971,Joven,100.0
2918588,Joven,100.0
2880861,Joven,100.0
2885824,Joven,100.0
2901575,Joven,100.0
2895105,Joven,100.0
2903269,Joven,100.0
2894539,Joven,100.0
2892631,Joven,100.0
2878200,Joven,100.0
2904688,Joven,100.0
2881646,Joven,100.0
2877951,Joven,100.0
2916759,Joven,100.0
2909361,Joven,100.0
2888154,Joven,100.0
2907094,Joven,100.0
2877382,Joven,100.0
2884854,Joven,100.0
2876498,Joven,100.0
2892142,Adulto,100.0
2916700,Adulto,100.0
2916515,Joven,100.0
2892797,Joven,100.0
2912346,Joven,100.0
2883362,Joven,100.0
2893067,Joven,100.0
2911245,Joven,100.0
2910877,Joven,100.0
2878161,Joven,100.0
2874745,Joven,100.0
2878300,Joven,100.0
2914079,Joven,100.0
2916790,Joven,100.0
2904070,Joven,100.0
2912073,Joven,100.0
2899478,Joven,100.0
2900829,Joven,100.0
2875524,Joven,100.0
2873105,Joven,100.0
2896665,Joven,100.0
2904520,Adulto,100.0
2909419,Adulto,100.0
2911895,Joven,100.0
2918279,Joven,100.0
2905043,Adulto,100.0
2887156,Joven,100.0
2902606,Joven,100.0
2909467,Adulto,100.0
2898816,Joven,100.0
2874948,Joven,100.0
